ticker,sector,industry,earnings_date,sentiment_score,financial_quality_score,valuation_score,leverage_score,forecast_score,risk_score_combined,predicted_return,lower_bound,upper_bound,interval_width,sentiment_pct,financial_pct,forecast_pct,valuation_pct,leverage_pct,risk_pct,overall_score,overall_rank_in_sector,peer_count,rank_percentile,recommendation,sector_avg_sentiment,sector_avg_financial_quality,sector_avg_forecast,sector_avg_risk,sector_avg_overall_score,sentiment_vs_sector,financial_vs_sector,forecast_vs_sector,risk_vs_sector
EGO,Basic Materials,Gold,2022-07-29,0.47121233851990824,0.32627599799999996,-5.115774,-28.789,0.1653071736702196,0.2719493771566228,0.0654024290465569,-0.1162926924256175,0.2793481154552177,0.3956408078808353,0.897196261682243,0.8691588785046729,1.0,0.9252336448598131,0.719626168224299,0.205607476635514,0.8855140186915889,1.0,107,1.0,Buy,0.2821841289930048,0.1394136077375701,0.013328587798536377,0.39606165882568284,0.5037383177570093,0.1890282095269034,0.18686239026242984,0.052073841248020517,-0.12411228166906002
KGC,Basic Materials,Gold,2022-07-28,0.27552896941183735,0.431222,-7.357651,-8.204,0.1320930936725422,0.4348565009252175,0.0474115000680421,-0.1544354754200955,0.2044884217859223,0.3589238972060179,0.5607476635514018,0.9532710280373832,0.9719626168224299,0.8037383177570093,0.897196261682243,0.6915887850467289,0.7738317757009345,2.0,107,0.9906542056074766,Buy,0.2821841289930048,0.1394136077375701,0.013328587798536377,0.39606165882568284,0.5037383177570093,-0.006655159581167469,0.2918083922624299,0.03408291226950572,0.038794842099534654
CDE,Basic Materials,Gold,2021-10-28,0.4530403556131447,0.302768004,-7.5332303,-7.426,0.026306235450643145,0.3626522627418272,0.0104200298329058,-0.173299755423342,0.2235777970188133,0.396103940688161,0.8785046728971962,0.8598130841121495,0.43457943925233644,0.794392523364486,0.9158878504672897,0.411214953271028,0.7514018691588786,3.0,107,0.9813084112149533,Buy,0.2821841289930048,0.1394136077375701,0.013328587798536377,0.39606165882568284,0.5037383177570093,0.17085622662013988,0.16335439626242987,-0.0029085579656305764,-0.033409396083855625
MTX,Basic Materials,Specialty Chemicals,2022-04-29,0.5806352550842265,0.11985999920000001,-10.724596,-54.851,0.07401467539339197,0.3042241451812411,0.0195218950156469,-0.1113579875039158,0.1523980973159119,0.2637560848198277,0.9719626168224299,0.4672897196261682,0.9065420560747663,0.616822429906542,0.5233644859813084,0.2616822429906542,0.7289719626168224,4.0,107,0.9719626168224299,Buy,0.2821841289930048,0.1394136077375701,0.013328587798536377,0.39606165882568284,0.5037383177570093,0.2984511260912217,-0.0195536085375701,0.006193307217110524,-0.09183751364444176
CBT,Basic Materials,Specialty Chemicals,2022-08-09,0.5524778124118755,0.155857998,-12.098647,-77.712,0.07121555892207215,0.29234915346796947,0.0221221674102048,-0.1543898574418701,0.1562458593802509,0.310635716822121,0.9532710280373832,0.5981308411214953,0.8878504672897196,0.5233644859813084,0.3364485981308411,0.2336448598130841,0.72803738317757,5.0,107,0.9626168224299065,Buy,0.2821841289930048,0.1394136077375701,0.013328587798536377,0.39606165882568284,0.5037383177570093,0.2702936834188707,0.016444390262429887,0.008793579611668422,-0.10371250535771337
NEM,Basic Materials,Gold,2021-10-29,0.35279113920533245,0.40664800800000006,-8.6476145,-15.762,0.026306235450643145,0.2974019923539454,0.0104200298329058,-0.173299755423342,0.2235777970188133,0.396103940688161,0.7102803738317757,0.9252336448598131,0.43457943925233644,0.7102803738317757,0.8037383177570093,0.2523364485981308,0.7219626168224299,6.0,107,0.9532710280373832,Buy,0.2821841289930048,0.1394136077375701,0.013328587798536377,0.39606165882568284,0.5037383177570093,0.07060701021232763,0.26723440026242995,-0.0029085579656305764,-0.09865966647173746
AEM,Basic Materials,Gold,2022-04-29,0.27454064871694694,0.427898,-11.036634,-1.215,0.04757043333473587,0.45266670376944584,0.0148697303653904,-0.1194841473948556,0.1930983067174393,0.312582454112295,0.5514018691588785,0.9439252336448598,0.794392523364486,0.5981308411214953,0.9719626168224299,0.7476635514018691,0.7149532710280374,7.0,107,0.9439252336448598,Buy,0.2821841289930048,0.1394136077375701,0.013328587798536377,0.39606165882568284,0.5037383177570093,-0.007643480276057879,0.2884843922624299,0.0015411425668540226,0.056605044943763005
B,Basic Materials,Gold,2021-10-29,0.4282194899584677,0.361330006,-8.508576,-12.852,0.026306235450643145,0.46500302408945265,0.0104200298329058,-0.173299755423342,0.2235777970188133,0.396103940688161,0.8411214953271028,0.9158878504672897,0.43457943925233644,0.719626168224299,0.8504672897196262,0.8130841121495327,0.7018691588785047,8.0,107,0.9345794392523364,Buy,0.2821841289930048,0.1394136077375701,0.013328587798536377,0.39606165882568284,0.5037383177570093,0.14603536096546288,0.22191639826242987,-0.0029085579656305764,0.06894136526376982
SSRM,Basic Materials,Gold,2022-11-08,0.43195518856006826,0.27889400000000003,-5.3069444,-1.545,0.0006419513541196071,0.2342259254592033,0.0002176978838995,-0.146792141601902,0.1923258313583745,0.3391179729602766,0.8504672897196262,0.822429906542056,0.04672897196261682,0.8878504672897196,0.9626168224299065,0.14018691588785046,0.6985981308411217,9.0,107,0.9252336448598131,Hold,0.2821841289930048,0.1394136077375701,0.013328587798536377,0.39606165882568284,0.5037383177570093,0.14977105956706344,0.13948039226242992,-0.013110889914636877,-0.16183573336647955
AGI,Basic Materials,Gold,2021-10-28,0.26038612743066936,0.423553999,-10.2393675,-4.768,0.026306235450643145,0.2586394375370777,0.0104200298329058,-0.173299755423342,0.2235777970188133,0.396103940688161,0.4766355140186916,0.9345794392523364,0.43457943925233644,0.6448598130841121,0.9252336448598131,0.14953271028037382,0.6817757009345794,10.0,107,0.9158878504672897,Hold,0.2821841289930048,0.1394136077375701,0.013328587798536377,0.39606165882568284,0.5037383177570093,-0.021798001562335467,0.2841403912624299,-0.0029085579656305764,-0.13742222128860515
KT,Communication Services,Telecom Services,2022-05-12,0.7550511229249091,0.2489019996,-4.6948004,-63.276,0.07104302861599959,0.19699546981367097,0.0190418222954319,-0.1027843538024719,0.1652468890000752,0.2680312428025471,1.0,0.7904761904761904,0.8857142857142857,0.7428571428571429,0.580952380952381,0.23809523809523808,0.8333333333333333,1.0,105,1.0,Buy,0.278602079529016,0.12927689578590476,0.008814639646352842,0.3578756329009985,0.5038095238095238,0.47644904339589306,0.11962510381409525,0.01022718264907906,-0.16088016308732753
NTES,Communication Services,Electronic Gaming & Multimedia,2022-08-18,0.3862829262784419,0.340064002,-11.35219,-6.469,0.04455681523869807,0.2466420117003779,0.014899645688729,-0.107694268805086,0.2267012900357824,0.3343955588408684,0.7523809523809524,0.9333333333333333,0.819047619047619,0.4095238095238095,0.8761904761904762,0.3047619047619048,0.7833333333333333,2.0,105,0.9904761904761905,Buy,0.278602079529016,0.12927689578590476,0.008814639646352842,0.3578756329009985,0.5038095238095238,0.10768084674942591,0.21078710621409522,0.006085006042376159,-0.11123362120062061
GOOGL,Communication Services,Internet Content & Information,2023-02-02,0.3747532767405732,0.3758679939999999,-25.18112,-20.026,0.10073438354433459,0.16135721609859843,0.034131507941801,-0.1209646791007613,0.2178611121187358,0.3388257912194971,0.6952380952380952,0.9619047619047619,0.9142857142857143,0.10476190476190476,0.8095238095238095,0.18095238095238095,0.7704761904761905,3.0,105,0.9809523809523809,Buy,0.278602079529016,0.12927689578590476,0.008814639646352842,0.3578756329009985,0.5038095238095238,0.09615119721155718,0.24659109821409517,0.025316868295448155,-0.19651841680240006
EVER,Communication Services,Internet Content & Information,2021-11-01,0.4054041914792382,0.39614800000000006,-6.0847216,-0.935,0.026306235450643145,0.4039693971520106,0.0104200298329058,-0.173299755423342,0.2235777970188133,0.396103940688161,0.8095238095238095,0.9714285714285714,0.5333333333333333,0.6666666666666666,0.9523809523809523,0.780952380952381,0.7357142857142857,4.0,105,0.9714285714285714,Buy,0.278602079529016,0.12927689578590476,0.008814639646352842,0.3578756329009985,0.5038095238095238,0.12680211195022217,0.2668711042140953,0.0016053901865529588,0.04609376425101208
CMCSA,Communication Services,Telecom Services,2021-10-28,0.5722032727514927,0.247463994,-6.302588,-106.858,0.026306235450643145,0.18480273236278202,0.0104200298329058,-0.173299755423342,0.2235777970188133,0.396103940688161,0.9809523809523809,0.780952380952381,0.5333333333333333,0.6476190476190476,0.3238095238095238,0.2,0.7242857142857144,5.0,105,0.9619047619047619,Buy,0.278602079529016,0.12927689578590476,0.008814639646352842,0.3578756329009985,0.5038095238095238,0.29360119322247674,0.11818709821409523,0.0016053901865529588,-0.17307290053821647
TTD,Communication Services,Advertising Agencies,2022-11-09,0.3757603391154702,0.25077200200000005,-9.255554,-17.264,0.061564864728090724,0.3331446543281649,0.0382786857380936,-0.2572645173359226,0.3644963578368146,0.6217608751727373,0.7142857142857143,0.8,0.8476190476190476,0.4857142857142857,0.8285714285714286,0.5714285714285714,0.7223809523809523,6.0,105,0.9523809523809523,Buy,0.278602079529016,0.12927689578590476,0.008814639646352842,0.3578756329009985,0.5038095238095238,0.09715825958645419,0.12149510621409529,0.029464046091740758,-0.024730978572833573
EA,Communication Services,Electronic Gaming & Multimedia,2022-11-01,0.3320723806010552,0.267880012,-21.085472,-27.41,0.05204230096168867,0.23978938787004053,0.0120526923401782,-0.1159736309924143,0.1156195167961486,0.231593147788563,0.5904761904761905,0.8476190476190476,0.8380952380952381,0.1619047619047619,0.7619047619047619,0.26666666666666666,0.692857142857143,7.0,105,0.9428571428571428,Hold,0.278602079529016,0.12927689578590476,0.008814639646352842,0.3578756329009985,0.5038095238095238,0.053470301072039206,0.13860311621409524,0.0032380526938253582,-0.11808624503095796
MGNI,Communication Services,Advertising Agencies,2022-11-09,0.4129492182592498,0.2231599976,-12.791263,-46.809,0.13384639288132272,0.5292558269597674,0.0692068922147122,-0.2242132681730093,0.2928477962195344,0.5170610643925437,0.8285714285714286,0.7238095238095238,0.9714285714285714,0.34285714285714286,0.6571428571428571,0.8952380952380953,0.6928571428571428,8.0,105,0.9333333333333333,Hold,0.278602079529016,0.12927689578590476,0.008814639646352842,0.3578756329009985,0.5038095238095238,0.1343471387302338,0.09388310181409523,0.06039225256835935,0.17138019405876886
YELP,Communication Services,Internet Content & Information,2021-11-04,0.24268576629193767,0.28121199840000005,-5.620065,-24.549,0.026306235450643145,0.007337282465022033,0.0104200298329058,-0.173299755423342,0.2235777970188133,0.396103940688161,0.47619047619047616,0.8666666666666667,0.5333333333333333,0.6952380952380952,0.780952380952381,0.06666666666666667,0.6833333333333335,9.0,105,0.9238095238095239,Hold,0.278602079529016,0.12927689578590476,0.008814639646352842,0.3578756329009985,0.5038095238095238,-0.035916313237078334,0.1519351026140953,0.0016053901865529588,-0.3505383504359765
UCL,Communication Services,Telecom Services,2022-08-24,0.4232360302956989,0.099669998,-2.1458333,-47.518,0.03465414357228581,0.16822675596122272,0.0251038808750117,-0.312972147008156,0.4114389517253471,0.7244110987335032,0.8380952380952381,0.3333333333333333,0.780952380952381,0.8095238095238095,0.638095238095238,0.19047619047619047,0.6747619047619048,10.0,105,0.9142857142857143,Hold,0.278602079529016,0.12927689578590476,0.008814639646352842,0.3578756329009985,0.5038095238095238,0.1446339507666829,-0.029606897785904765,0.01628924122865886,-0.18964887693977578
DECK,Consumer Cyclical,Footwear & Accessories,2022-07-28,0.47220611936436707,0.306057996,-13.55594,-15.01,0.08042754062016604,0.2517377811335552,0.0297545607018906,-0.1362492681012084,0.2337046064660996,0.3699538745673081,0.8241758241758241,0.9194139194139194,0.9157509157509157,0.45054945054945056,0.9340659340659341,0.2271062271062271,0.8347985347985349,1.0,273,1.0,Buy,0.29372655219655164,0.12913578801049816,0.0103208019198157,0.46353059476246306,0.5014652014652015,0.17847956716781543,0.17692220798950184,0.0194337587820749,-0.21179281362890784
YUM,Consumer Cyclical,Restaurants,2022-08-03,0.6432295502903416,0.2607720048,-20.231766,-72.097,0.06432416204559528,0.30465805359864095,0.0103878354890962,-0.0752810160578278,0.0862099514820358,0.1614909675398636,0.9487179487179487,0.8827838827838828,0.8827838827838828,0.1978021978021978,0.6355311355311355,0.29304029304029305,0.7884615384615384,2.0,273,0.9963369963369964,Buy,0.29372655219655164,0.12913578801049816,0.0103208019198157,0.46353059476246306,0.5014652014652015,0.34950299809378993,0.13163621678950185,6.703356928050054e-05,-0.1588725411638221
ULTA,Consumer Cyclical,Specialty Retail,2022-08-25,0.5709812451823306,0.25896800600000003,-15.017449,-89.209,0.0573114819184717,0.22116167061356504,0.0150927595233525,-0.1108338952849573,0.1525112793057235,0.2633451745906809,0.9120879120879121,0.8791208791208791,0.8608058608058609,0.36996336996337,0.4835164835164835,0.19047619047619047,0.7862637362637364,3.0,273,0.9926739926739927,Buy,0.29372655219655164,0.12913578801049816,0.0103208019198157,0.46353059476246306,0.5014652014652015,0.277254692985779,0.12983221798950187,0.004771957603536799,-0.24236892414889802
BYD,Consumer Cyclical,Resorts & Casinos,2022-07-26,0.41995512127640355,0.44989799899999994,-11.220829,-115.268,0.12424662457142678,0.4609785055126947,0.0513637054768508,-0.1676029667601673,0.2457972475909145,0.4134002143510819,0.7509157509157509,0.9926739926739927,0.9597069597069597,0.5897435897435898,0.3992673992673993,0.7619047619047619,0.7505494505494505,4.0,273,0.989010989010989,Buy,0.29372655219655164,0.12913578801049816,0.0103208019198157,0.46353059476246306,0.5014652014652015,0.12622856907985192,0.32076221098950175,0.0410429035570351,-0.0025520892497683523
CCL,Consumer Cyclical,Travel Services,2022-12-21,0.45500099695866364,0.221296,-10.651987,-203.901,0.15467625862072246,0.3336898924606317,0.0677144992688129,-0.1426600245794702,0.2951210880255018,0.4377811126049721,0.7912087912087912,0.8315018315018315,0.9816849816849816,0.6373626373626373,0.2087912087912088,0.3626373626373626,0.7503663003663004,5.0,273,0.9853479853479854,Buy,0.29372655219655164,0.12913578801049816,0.0103208019198157,0.46353059476246306,0.5014652014652015,0.161274444762112,0.09216021198950183,0.0573936973489972,-0.12984070230183137
EXPE,Consumer Cyclical,Travel Services,2022-08-04,0.37964291394272276,0.36898199879999993,-10.003585,-256.536,0.08584602013805778,0.33085854080658555,0.0337631999705444,-0.1502364403817828,0.2430620965827304,0.3932985369645132,0.6776556776556777,0.9597069597069597,0.9304029304029304,0.6996336996336996,0.1575091575091575,0.3553113553113553,0.7456043956043956,6.0,273,0.9816849816849816,Buy,0.29372655219655164,0.12913578801049816,0.0103208019198157,0.46353059476246306,0.5014652014652015,0.08591636174617112,0.23984621078950177,0.023442398050728702,-0.1326720539558775
FIGS,Consumer Cyclical,Apparel Manufacturing,2022-11-10,0.429419929224204,0.1809060012,-36.299107,-14.072,0.126864477070034,0.30802520469763983,0.0650233101784646,-0.2504041454812165,0.2621363608584128,0.5125405063396293,0.7655677655677655,0.7252747252747253,0.967032967032967,0.054945054945054944,0.945054945054945,0.3076923076923077,0.7353479853479853,7.0,273,0.978021978021978,Buy,0.29372655219655164,0.12913578801049816,0.0103208019198157,0.46353059476246306,0.5014652014652015,0.13569337702765238,0.05177021318950184,0.054702508258648905,-0.15550539006482322
ANF,Consumer Cyclical,Apparel Retail,2021-11-23,0.4755940343099431,0.26187999919999994,-7.071477,-95.464,0.026306235450643145,0.3063292517501747,0.0104200298329058,-0.173299755423342,0.2235777970188133,0.396103940688161,0.8278388278388278,0.8864468864468864,0.5274725274725275,0.8424908424908425,0.4652014652014652,0.30036630036630035,0.7347985347985349,8.0,273,0.9743589743589743,Buy,0.29372655219655164,0.12913578801049816,0.0103208019198157,0.46353059476246306,0.5014652014652015,0.1818674821133915,0.13274421118950178,9.92279130901004e-05,-0.15720134301228833
CHWY,Consumer Cyclical,Internet Retail,2022-12-08,0.45982681926438485,0.193038,-10.426888,-111.83,0.09993415502517065,0.3728495374059561,0.0504621026368447,-0.2023507630465188,0.302601749835385,0.5049525128819039,0.7985347985347986,0.7509157509157509,0.9413919413919414,0.6593406593406593,0.4175824175824176,0.5164835164835165,0.7316849816849815,9.0,273,0.9706959706959707,Buy,0.29372655219655164,0.12913578801049816,0.0103208019198157,0.46353059476246306,0.5014652014652015,0.1661002670678332,0.06390221198950183,0.040141300717028996,-0.09068105735650694
ETSY,Consumer Cyclical,Internet Retail,2021-11-03,0.4648298412755921,0.24071400079999994,-10.505955,-72.097,0.026306235450643145,0.24670212054791985,0.0104200298329058,-0.173299755423342,0.2235777970188133,0.396103940688161,0.8095238095238095,0.8498168498168498,0.5274725274725275,0.652014652014652,0.6355311355311355,0.21978021978021978,0.727106227106227,10.0,273,0.967032967032967,Buy,0.29372655219655164,0.12913578801049816,0.0103208019198157,0.46353059476246306,0.5014652014652015,0.1711032890790405,0.11157821278950178,9.92279130901004e-05,-0.2168284742145432
BUD,Consumer Defensive,Beverages - Brewers,2022-10-27,0.5773099759500793,0.21663400259999993,-16.46373,-75.033,0.08303737757071819,0.2821135724033556,0.0210730102216231,-0.0913229206631327,0.1624534846225342,0.253776405285667,0.9351851851851852,0.8333333333333334,0.9259259259259259,0.26851851851851855,0.5092592592592593,0.21296296296296297,0.7837962962962964,1.0,108,1.0,Buy,0.2976467916587303,0.12303192500592593,0.007120221548836291,0.3900424528943265,0.5037037037037037,0.27966318429134895,0.093602077594074,0.01395278867278681,-0.10792888049097088
KOF,Consumer Defensive,Beverages - Non-Alcoholic,2022-07-26,0.6051323202477117,0.180204,-12.336177,-65.236,0.05386927078630107,0.2565466144961824,0.0151111435890419,-0.1165668838337005,0.1639472107364056,0.2805140945701062,0.9629629629629629,0.7129629629629629,0.8240740740740741,0.5462962962962963,0.5833333333333334,0.16666666666666666,0.7800925925925926,2.0,108,0.9907407407407407,Buy,0.2976467916587303,0.12303192500592593,0.007120221548836291,0.3900424528943265,0.5037037037037037,0.30748552858898137,0.057172074994074076,0.00799092204020561,-0.1334958383981441
EDU,Consumer Defensive,Education & Training Services,2023-01-17,0.4097597611520406,0.1823900006,-10.439158,-18.266,0.041471799109019054,0.27913714011675067,0.017110581181461,-0.1353500728759332,0.2772324549445391,0.4125825278204723,0.7407407407407407,0.7222222222222222,0.7870370370370371,0.7037037037037037,0.8055555555555556,0.2037037037037037,0.7537037037037038,3.0,108,0.9814814814814815,Buy,0.2976467916587303,0.12303192500592593,0.007120221548836291,0.3900424528943265,0.5037037037037037,0.11211296949331029,0.059358075594074064,0.009990359632624707,-0.11090531277757582
KO,Consumer Defensive,Beverages - Non-Alcoholic,2022-10-25,0.6232296710848276,0.354962004,-23.349207,-124.943,0.037167855058255296,0.4005135026104767,0.0075297991814249,-0.0940504484760913,0.1085375674793093,0.2025880159554006,0.9814814814814815,0.9629629629629629,0.7777777777777778,0.12037037037037036,0.28703703703703703,0.5370370370370371,0.7287037037037036,4.0,108,0.9722222222222222,Buy,0.2976467916587303,0.12303192500592593,0.007120221548836291,0.3900424528943265,0.5037037037037037,0.3255828794260973,0.23193007899407408,0.0004095776325886086,0.010471049716150205
PG,Consumer Defensive,Household & Personal Products,2021-10-19,0.5916379478574183,0.270461998,-20.983442,-67.651,0.026306235450643145,0.370959856310773,0.0104200298329058,-0.173299755423342,0.2235777970188133,0.396103940688161,0.9444444444444444,0.9166666666666666,0.5231481481481481,0.16666666666666666,0.5740740740740741,0.4537037037037037,0.6986111111111111,5.0,108,0.962962962962963,Hold,0.2976467916587303,0.12303192500592593,0.007120221548836291,0.3900424528943265,0.5037037037037037,0.293991156198688,0.14743007299407407,0.0032998082840695097,-0.01908259658355349
RLX,Consumer Defensive,Tobacco,2022-09-21,0.3042398744776971,0.160849998,-11.875522,-1.323,0.37566830483226693,0.3913100253174207,0.1486306430992567,-0.1285002455793801,0.2671420418297591,0.3956422874091392,0.5,0.6388888888888888,1.0,0.5833333333333334,0.9907407407407407,0.5277777777777778,0.6893518518518518,6.0,108,0.9537037037037037,Hold,0.2976467916587303,0.12303192500592593,0.007120221548836291,0.3900424528943265,0.5037037037037037,0.006593082818966811,0.03781807299407407,0.1415104215504204,0.001267572423094221
ELF,Consumer Defensive,Household & Personal Products,2022-08-03,0.49938289721697704,0.13253999998,-15.222402,-81.104,0.07132666327393364,0.34891857335776777,0.0324460054566406,-0.2081241552416511,0.2467679235503581,0.4548920787920092,0.8796296296296297,0.5740740740740741,0.8888888888888888,0.3611111111111111,0.49074074074074076,0.39814814814814814,0.6865740740740741,7.0,108,0.9444444444444444,Hold,0.2976467916587303,0.12303192500592593,0.007120221548836291,0.3900424528943265,0.5037037037037037,0.20173610555824673,0.009508074974074063,0.02532578390780431,-0.041123879536558716
INGR,Consumer Defensive,Packaged Foods,2021-11-02,0.4500582446003322,0.13975200299999999,-8.757079,-41.43,0.026306235450643145,0.2836858296369417,0.0104200298329058,-0.173299755423342,0.2235777970188133,0.396103940688161,0.8240740740740741,0.6018518518518519,0.5231481481481481,0.7685185185185185,0.6944444444444444,0.2222222222222222,0.6851851851851851,8.0,108,0.9351851851851852,Hold,0.2976467916587303,0.12303192500592593,0.007120221548836291,0.3900424528943265,0.5037037037037037,0.1524114529416019,0.01672007799407406,0.0032998082840695097,-0.10635662325738476
CL,Consumer Defensive,Household & Personal Products,2021-07-30,0.6344873738934322,0.9414059619999999,-21.731169,-1640.535,0.026306235450643145,0.3289831379383775,0.0104200298329058,-0.173299755423342,0.2235777970188133,0.396103940688161,0.9907407407407407,0.9907407407407407,0.5231481481481481,0.1574074074074074,0.027777777777777776,0.37037037037037035,0.6814814814814815,9.0,108,0.9259259259259259,Hold,0.2976467916587303,0.12303192500592593,0.007120221548836291,0.3900424528943265,0.5037037037037037,0.3368405822347019,0.818374036994074,0.0032998082840695097,-0.06105931495594896
KDP,Consumer Defensive,Beverages - Non-Alcoholic,2021-10-29,0.5421761361722222,0.18705800639999998,-12.469944,-85.985,0.026306235450643145,0.349855361031451,0.0104200298329058,-0.173299755423342,0.2235777970188133,0.396103940688161,0.9166666666666666,0.75,0.5231481481481481,0.5277777777777778,0.4444444444444444,0.4074074074074074,0.6777777777777777,10.0,108,0.9166666666666666,Hold,0.2976467916587303,0.12303192500592593,0.007120221548836291,0.3900424528943265,0.5037037037037037,0.24452934451349184,0.06402608139407405,0.0032998082840695097,-0.0401870918628755
SU,Energy,Oil & Gas Integrated,2022-05-10,0.4355564933107678,0.22388399999999997,-11.508191,-32.358,0.0565616669652583,0.3535099674144093,0.0209543738350149,-0.1261488317394478,0.2443196922207573,0.3704685239602051,0.9081632653061225,0.673469387755102,0.8775510204081632,0.6020408163265306,0.7857142857142857,0.35714285714285715,0.7739795918367347,1.0,98,1.0,Buy,0.26126815719500146,0.17368236753387753,0.009115159979107135,0.42665455251313966,0.5040816326530612,0.17428833611576633,0.05020163246612244,0.011839213855907764,-0.07314458509873034
HESM,Energy,Oil & Gas Midstream,2022-07-27,0.4607477411884069,0.658069992,-12.637289,-1006.403,0.053002138443381926,0.505138415110271,0.0214421120784786,-0.1481096216161793,0.2564412079554435,0.4045508295716228,0.9489795918367347,0.9897959183673469,0.8673469387755102,0.5102040816326531,0.01020408163265306,0.8061224489795918,0.7295918367346939,2.0,98,0.9897959183673469,Buy,0.26126815719500146,0.17368236753387753,0.009115159979107135,0.42665455251313966,0.5040816326530612,0.19947958399340543,0.4843876244661225,0.012326952099371466,0.07848386259713136
OVV,Energy,Oil & Gas E&P,2021-11-03,0.5042729431094044,0.20839999880000004,-7.1658854,-67.572,0.026306235450643145,0.311098424178149,0.0104200298329058,-0.173299755423342,0.2235777970188133,0.396103940688161,0.9693877551020408,0.6326530612244898,0.4846938775510204,0.9387755102040817,0.4897959183673469,0.17346938775510204,0.7229591836734693,3.0,98,0.9795918367346939,Buy,0.26126815719500146,0.17368236753387753,0.009115159979107135,0.42665455251313966,0.5040816326530612,0.24300478591440294,0.03471763126612251,0.0013048698537986656,-0.11555612833499068
DHT,Energy,Oil & Gas Midstream,2022-02-08,0.18143211440794393,0.462368,-9.629949,-41.515,0.04889036007370579,0.35858443136705254,0.0222795798776272,-0.1835955705592254,0.2721083954921414,0.4557039660513669,0.30612244897959184,0.9795918367346939,0.8469387755102041,0.7755102040816326,0.7040816326530612,0.3673469387755102,0.7020408163265306,4.0,98,0.9693877551020408,Buy,0.26126815719500146,0.17368236753387753,0.009115159979107135,0.42665455251313966,0.5040816326530612,-0.07983604278705753,0.28868563246612244,0.013164419898520066,-0.06807012114608713
VNOM,Energy,Oil & Gas Midstream,2021-11-02,0.340270037647608,0.31258600039999995,-18.139713,-15.466,0.026306235450643145,0.24124884553193493,0.0104200298329058,-0.173299755423342,0.2235777970188133,0.396103940688161,0.7653061224489796,0.8061224489795918,0.4846938775510204,0.25510204081632654,0.9081632653061225,0.11224489795918367,0.6948979591836735,5.0,98,0.9591836734693877,Hold,0.26126815719500146,0.17368236753387753,0.009115159979107135,0.42665455251313966,0.5040816326530612,0.07900188045260653,0.13890363286612242,0.0013048698537986656,-0.18540570698120473
RRC,Energy,Oil & Gas E&P,2021-10-27,0.3054029038534984,0.3137740028,-8.252242,-21.275,0.026306235450643145,0.3747470315239236,0.0104200298329058,-0.173299755423342,0.2235777970188133,0.396103940688161,0.6428571428571429,0.8163265306122449,0.4846938775510204,0.8877551020408163,0.826530612244898,0.45918367346938777,0.6872448979591836,6.0,98,0.9489795918367347,Hold,0.26126815719500146,0.17368236753387753,0.009115159979107135,0.42665455251313966,0.5040816326530612,0.044134746658496926,0.14009163526612248,0.0013048698537986656,-0.05190752098921608
SLB,Energy,Oil & Gas Equipment & Services,2022-07-22,0.6972557482401998,0.11973400000000001,-16.68748,-42.515,0.03940361464326345,0.31640405873313626,0.0169482728636428,-0.1482202582575512,0.2818984913411146,0.4301187495986659,0.9897959183673469,0.3877551020408163,0.8163265306122449,0.29591836734693877,0.673469387755102,0.19387755102040816,0.6852040816326531,7.0,98,0.9387755102040817,Hold,0.26126815719500146,0.17368236753387753,0.009115159979107135,0.42665455251313966,0.5040816326530612,0.4359875910451983,-0.05394836753387752,0.007833112884535665,-0.1102504937800034
STNG,Energy,Oil & Gas Midstream,2022-02-14,0.18411716823783375,0.37701199,-11.881506,-17.044,0.07885278730335449,0.401211195026731,0.0306601509848025,-0.1287077952435728,0.2601189435508703,0.3888267387944432,0.32653061224489793,0.8979591836734694,0.9489795918367347,0.5816326530612245,0.8877551020408163,0.6020408163265306,0.68265306122449,8.0,98,0.9285714285714286,Hold,0.26126815719500146,0.17368236753387753,0.009115159979107135,0.42665455251313966,0.5040816326530612,-0.07715098895716771,0.2033296224661225,0.021544991005695367,-0.025443357486408635
CNQ,Energy,Oil & Gas E&P,2021-11-04,0.4559070570326068,0.2468900014,-12.286887,-44.85,0.026306235450643145,0.3947699782729816,0.0104200298329058,-0.173299755423342,0.2235777970188133,0.396103940688161,0.9387755102040817,0.7244897959183674,0.4846938775510204,0.5306122448979592,0.6428571428571429,0.5510204081632653,0.6749999999999999,9.0,98,0.9183673469387755,Hold,0.26126815719500146,0.17368236753387753,0.009115159979107135,0.42665455251313966,0.5040816326530612,0.19463889983760535,0.07320763386612247,0.0013048698537986656,-0.03188457424015806
ARLP,Energy,Thermal Coal,2023-01-30,0.28061603913313815,0.1599140032,-9.225455,-28.491,0.03855105620648911,0.3512481363168451,0.0160909837782275,-0.1652666963531115,0.2521264132152532,0.4173931095683647,0.5714285714285714,0.4897959183673469,0.7959183673469388,0.8061224489795918,0.7959183673469388,0.32653061224489793,0.6520408163265307,10.0,98,0.9081632653061225,Hold,0.26126815719500146,0.17368236753387753,0.009115159979107135,0.42665455251313966,0.5040816326530612,0.01934788193813669,-0.013768364333877542,0.006975823799120364,-0.07540641619629457
TW,Financial Services,Capital Markets,2023-02-02,0.6505604061291299,0.414238002,-21.823753,-1.954,0.10535164063188006,0.3253450957899154,0.0284675581497058,-0.1032203513654534,0.1669933123926289,0.2702136637580824,0.9964028776978417,0.9100719424460432,0.8273381294964028,0.039568345323741004,0.9892086330935251,0.2805755395683453,0.8169064748201438,1.0,278,1.0,Buy,0.2794750716129462,0.27550624456511513,0.015319820820223241,0.4509297549183477,0.5014388489208633,0.3710853345161837,0.13873175743488486,0.013147737329482559,-0.1255846591284323
PYPL,Financial Services,Credit Services,2022-11-03,0.639542663805198,0.207508006,-7.2013674,-58.28,0.045325209406691595,0.3004202446015653,0.0167594599203751,-0.14618143442318,0.2235777970188133,0.3697592314419934,0.9928057553956835,0.6438848920863309,0.6834532374100719,0.8309352517985612,0.6942446043165468,0.22302158273381295,0.7760791366906477,2.0,278,0.9964028776978417,Buy,0.2794750716129462,0.27550624456511513,0.015319820820223241,0.4509297549183477,0.5014388489208633,0.36006759219225176,-0.06799823856511514,0.0014396391001518585,-0.1505095103167824
V,Financial Services,Credit Services,2023-01-26,0.5085944205000299,0.592690008,-21.868639,-67.233,0.06470307238316239,0.271416022929095,0.0111950554182342,-0.0965373378390254,0.0764836687812889,0.1730210066203143,0.9100719424460432,0.9892086330935251,0.7194244604316546,0.03597122302158273,0.6726618705035972,0.1618705035971223,0.7733812949640286,3.0,278,0.9928057553956835,Buy,0.2794750716129462,0.27550624456511513,0.015319820820223241,0.4509297549183477,0.5014388489208633,0.22911934888708368,0.3171837634348849,-0.004124765401989042,-0.1795137319892527
HRZN,Financial Services,Asset Management,2022-05-04,0.555010876469858,0.415252,-5.6452036,-133.937,0.06537518530737671,0.4156842335344302,0.0151474239584443,-0.1187947382636244,0.1129041626578819,0.2316989009215063,0.9460431654676259,0.9136690647482014,0.7230215827338129,0.9064748201438849,0.14028776978417265,0.564748201438849,0.7577338129496405,4.0,278,0.9892086330935251,Buy,0.2794750716129462,0.27550624456511513,0.015319820820223241,0.4509297549183477,0.5014388489208633,0.2755358048569118,0.13974575543488488,-0.00017239686177894162,-0.03524552138391751
FUTU,Financial Services,Capital Markets,2022-08-30,0.2667758350364051,0.47372200600000003,-7.4650054,-54.246,0.10051856015334562,0.30097647405797046,0.036621569005453,-0.1189319950992568,0.2453934432180562,0.3643254383173131,0.4676258992805755,0.960431654676259,0.802158273381295,0.8165467625899281,0.7086330935251799,0.22661870503597123,0.7473021582733812,5.0,278,0.9856115107913669,Buy,0.2794750716129462,0.27550624456511513,0.015319820820223241,0.4509297549183477,0.5014388489208633,-0.012699236576541095,0.1982157614348849,0.021301748185229757,-0.14995328086037724
MA,Financial Services,Credit Services,2023-01-26,0.4628090550466436,0.92764,-21.745344,-282.059,0.11050027612780998,0.26947220719897524,0.0209479864001168,-0.0832411310270413,0.1063319328050466,0.189573063832088,0.8525179856115108,0.9964028776978417,0.8309352517985612,0.04316546762589928,0.0539568345323741,0.15827338129496402,0.7223021582733813,6.0,278,0.9820143884892086,Buy,0.2794750716129462,0.27550624456511513,0.015319820820223241,0.4509297549183477,0.5014388489208633,0.1833339834336974,0.6521337554348849,0.005628165579893558,-0.18145754771937245
NMIH,Financial Services,Insurance - Specialty,2021-11-02,0.4374739358344829,0.4524640000000001,-6.7762456,-16.168,0.026306235450643145,0.4991950700422994,0.0104200298329058,-0.173299755423342,0.2235777970188133,0.396103940688161,0.8165467625899281,0.9532374100719424,0.381294964028777,0.8633093525179856,0.9136690647482014,0.8093525179856115,0.7154676258992807,7.0,278,0.9784172661870504,Buy,0.2794750716129462,0.27550624456511513,0.015319820820223241,0.4509297549183477,0.5014388489208633,0.1579988642215367,0.17695775543488496,-0.004899790987317441,0.04826531512395171
BLK,Financial Services,Asset Management,2023-01-13,0.4311955468024916,0.24487999880000003,-16.666948,-23.635,0.09803044822619318,0.32182939453389175,0.0193374711554908,-0.0624201941158373,0.1348386522420204,0.1972588463578578,0.8057553956834532,0.7266187050359713,0.7949640287769785,0.10071942446043165,0.8669064748201439,0.27697841726618705,0.7111510791366906,8.0,278,0.9748201438848921,Buy,0.2794750716129462,0.27550624456511513,0.015319820820223241,0.4509297549183477,0.5014388489208633,0.1517204751895454,-0.030626245765115107,0.004017650335267558,-0.12910036038445594
HCI,Financial Services,Insurance - Property & Casualty,2021-11-09,0.41873540993557373,0.38009200800000004,-8.708287,-5.746,0.026306235450643145,0.3966377079498922,0.0104200298329058,-0.173299755423342,0.2235777970188133,0.396103940688161,0.7769784172661871,0.8741007194244604,0.381294964028777,0.7122302158273381,0.9712230215827338,0.48201438848920863,0.7091726618705037,9.0,278,0.9712230215827338,Buy,0.2794750716129462,0.27550624456511513,0.015319820820223241,0.4509297549183477,0.5014388489208633,0.13926033832262752,0.1045857634348849,-0.004899790987317441,-0.054292046968455465
MSCI,Financial Services,Financial Data & Stock Exchanges,2023-01-31,0.5065375108990946,0.41540000279999995,-26.995047,-72.097,0.07718739719318808,0.3977757934355628,0.0170292571891796,-0.0819954858393823,0.1386257634969699,0.2206212493363523,0.9028776978417267,0.9172661870503597,0.7410071942446043,0.02158273381294964,0.4442446043165468,0.49640287769784175,0.7001798561151079,10.0,278,0.9676258992805755,Buy,0.2794750716129462,0.27550624456511513,0.015319820820223241,0.4509297549183477,0.5014388489208633,0.2270624392861484,0.1398937582348848,0.0017094363689563602,-0.053153961482784895
SNY,Healthcare,Drug Manufacturers - General,2023-02-03,0.46229370477941023,0.23911001399999998,-8.459958,-27.372,0.06880320647453371,0.3374304525299527,0.0127540800567883,-0.0853421228883997,0.1000273083793493,0.1853694312677491,0.9060402684563759,0.7953020134228188,0.9496644295302014,0.6040268456375839,0.6845637583892618,0.3523489932885906,0.8088926174496645,1.0,298,1.0,Buy,0.25458652811858606,-2.4283354503314025,-0.0006302558750859936,0.47256688908487576,0.5013422818791946,0.20770717666082417,2.6674454643314025,0.013384335931874294,-0.13513643655492308
BSX,Healthcare,Medical Devices,2022-07-27,0.5766019199950367,0.2551520012,-13.1311455,-42.25,0.03611223620677716,0.3463277949064201,0.0088233913018034,-0.1004166407928612,0.14391481348333,0.2443314542761913,0.9563758389261745,0.8187919463087249,0.8624161073825504,0.436241610738255,0.6073825503355704,0.37583892617449666,0.7830536912751678,2.0,298,0.9966442953020134,Buy,0.25458652811858606,-2.4283354503314025,-0.0006302558750859936,0.47256688908487576,0.5013422818791946,0.3220153918764507,2.6834874515314024,0.009453647176889393,-0.1262390941784557
GMED,Healthcare,Medical Devices,2022-11-08,0.5712556628447218,0.260416,-16.01851,-2.45,0.050908812330396874,0.5302204728806315,0.0153108332611864,-0.1323425608272774,0.1684065953896755,0.300749156216953,0.9530201342281879,0.8322147651006712,0.9060402684563759,0.32550335570469796,0.9362416107382551,0.7583892617449665,0.7778523489932886,3.0,298,0.9932885906040269,Buy,0.25458652811858606,-2.4283354503314025,-0.0006302558750859936,0.47256688908487576,0.5013422818791946,0.3166691347261358,2.6887514503314023,0.015941089136272395,0.05765358379575569
NVO,Healthcare,Drug Manufacturers - General,2023-02-01,0.3964849600130414,0.545251998,-12.7427,-72.086,0.05446803377502814,0.42933372626188876,0.008264417928792,-0.0826744029504821,0.0690542879527532,0.1517286909032353,0.7986577181208053,0.9798657718120806,0.9161073825503355,0.47315436241610737,0.4664429530201342,0.6040268456375839,0.7614093959731543,4.0,298,0.9899328859060402,Buy,0.25458652811858606,-2.4283354503314025,-0.0006302558750859936,0.47256688908487576,0.5013422818791946,0.14189843189445533,2.9735874483314024,0.008894673803877992,-0.043233162822987004
MDT,Healthcare,Medical Devices,2022-11-22,0.4119649992936394,0.22704401179999997,-12.789073,-57.06,0.05817415202757933,0.3221473305851677,0.014785993021622,-0.0931851551000246,0.1609815896160861,0.2541667447161108,0.8322147651006712,0.7751677852348994,0.9295302013422819,0.4697986577181208,0.5503355704697986,0.28859060402684567,0.7609060402684564,5.0,298,0.9865771812080537,Buy,0.25458652811858606,-2.4283354503314025,-0.0006302558750859936,0.47256688908487576,0.5013422818791946,0.15737847117505332,2.6553794621314024,0.015416248896707993,-0.15041955849970806
A,Healthcare,Diagnostics & Research,2022-08-16,0.6501469199638722,0.251685998,-20.513317,-49.733,0.03870001704463356,0.3629067369561067,0.0093198758199544,-0.0893595980020302,0.1514629605304011,0.2408225585324313,0.9765100671140939,0.8120805369127517,0.8691275167785235,0.21140939597315436,0.5771812080536913,0.4161073825503356,0.758221476510067,6.0,298,0.9832214765100671,Buy,0.25458652811858606,-2.4283354503314025,-0.0006302558750859936,0.47256688908487576,0.5013422818791946,0.39556039184528613,2.6800214483314027,0.009950131695040393,-0.10966015212876906
CPRX,Healthcare,Biotechnology,2021-11-10,0.4144048554105145,0.42179201200000005,-9.995089,-0.265,0.026306235450643145,0.4978716358930207,0.0104200298329058,-0.173299755423342,0.2235777970188133,0.396103940688161,0.8355704697986577,0.9496644295302014,0.6073825503355704,0.5503355704697986,0.9932885906040269,0.7181208053691275,0.7503355704697987,7.0,298,0.9798657718120806,Buy,0.25458652811858606,-2.4283354503314025,-0.0006302558750859936,0.47256688908487576,0.5013422818791946,0.15981832729192846,2.8501274623314026,0.011050285707991794,0.02530474680814493
RPRX,Healthcare,Biotechnology,2022-08-04,0.42477428053418514,0.5369380026,-9.909174,-90.32,0.03183628251790403,0.48052872539933583,0.0052285989532046,-0.0673283417855358,0.0969046246100115,0.1642329663955473,0.8624161073825504,0.9731543624161074,0.8523489932885906,0.5637583892617449,0.2751677852348993,0.6912751677852349,0.7441275167785235,8.0,298,0.9765100671140939,Buy,0.25458652811858606,-2.4283354503314025,-0.0006302558750859936,0.47256688908487576,0.5013422818791946,0.17018775241559908,2.9652734529314024,0.005858854828290594,0.007961836314460069
INCY,Healthcare,Biotechnology,2021-11-02,0.324959539076933,0.299472,-11.337042,-0.701,0.026306235450643145,0.3113223988611697,0.0104200298329058,-0.173299755423342,0.2235777970188133,0.396103940688161,0.6879194630872483,0.889261744966443,0.6073825503355704,0.5201342281879194,0.9731543624161074,0.26174496644295303,0.7389261744966443,9.0,298,0.9731543624161074,Buy,0.25458652811858606,-2.4283354503314025,-0.0006302558750859936,0.47256688908487576,0.5013422818791946,0.07037301095834692,2.7278074503314027,0.011050285707991794,-0.16124449022370607
JNJ,Healthcare,Drug Manufacturers - General,2023-01-24,0.5321089716126051,0.30423401400000005,-18.635971,-67.73,0.02813372113036015,0.46954848343292976,0.0051751332202473,-0.1077657901386835,0.0761809072266187,0.1839466973653023,0.9429530201342282,0.8926174496644296,0.8422818791946308,0.2550335570469799,0.5067114093959731,0.6778523489932886,0.735738255033557,10.0,298,0.9697986577181208,Buy,0.25458652811858606,-2.4283354503314025,-0.0006302558750859936,0.47256688908487576,0.5013422818791946,0.277522443494019,2.7325694643314025,0.0058053890953332936,-0.003018405651945999
BAH,Industrials,Consulting Services,2022-07-29,0.6056830796635932,0.2593139972,-11.507356,-373.032,0.07150476831471399,0.35964842175299566,0.0169943843553607,-0.1065028874389695,0.1311639598374988,0.2376668472764684,0.924812030075188,0.8947368421052632,0.8796992481203008,0.7556390977443609,0.07142857142857142,0.40601503759398494,0.7729323308270677,1.0,266,1.0,Buy,0.3129178525257217,-0.0324565641269925,0.011381018685406365,0.4502777931946961,0.5015037593984962,0.29276522713787156,0.2917705613269925,0.005613365669954335,-0.09062937144170041
OTIS,Industrials,Specialty Industrial Machinery,2023-02-01,0.6441263509787483,0.1585100016,-15.129546,-72.097,0.16306688010648274,0.3570477511671987,0.024138960618531,-0.0623300213711025,0.0857000233313426,0.1480300447024451,0.9586466165413534,0.6052631578947368,0.9962406015037594,0.6203007518796992,0.48872180451127817,0.39849624060150374,0.7612781954887218,2.0,266,0.9962406015037594,Buy,0.3129178525257217,-0.0324565641269925,0.011381018685406365,0.4502777931946961,0.5015037593984962,0.3312084984530266,0.1909665657269925,0.012757941933124637,-0.09323004202749735
ADT,Industrials,Security & Protection Services,2021-11-09,0.6396704002311495,0.28122398800000004,-6.9802985,-204.431,0.026306235450643145,0.2473454096992678,0.0104200298329058,-0.173299755423342,0.2235777970188133,0.396103940688161,0.9511278195488722,0.9172932330827067,0.4342105263157895,0.8721804511278195,0.13157894736842105,0.13909774436090225,0.7404135338345865,3.0,266,0.9924812030075187,Buy,0.3129178525257217,-0.0324565641269925,0.011381018685406365,0.4502777931946961,0.5015037593984962,0.32675254770542783,0.31368055212699253,-0.0009609888525005644,-0.20293238349542828
DAC,Industrials,Marine Shipping,2022-05-17,0.22818762795742736,0.3805339931999999,-5.3199997,-26.173,0.029131668727991045,0.316491026791389,0.0111544951301557,-0.1634983386168186,0.2193999464982133,0.3828982851150319,0.38721804511278196,0.9624060150375939,0.7443609022556391,0.9060150375939849,0.8308270676691729,0.24812030075187969,0.7351503759398497,4.0,266,0.9887218045112782,Buy,0.3129178525257217,-0.0324565641269925,0.011381018685406365,0.4502777931946961,0.5015037593984962,-0.08473022456829432,0.4129905573269924,-0.0002265235552506642,-0.13378676640330706
AXON,Industrials,Aerospace & Defense,2022-11-08,0.6492084675320211,0.15392999999999998,-42.79718,-52.074,0.09190631694707384,0.0072156072971363006,0.0311687943494968,-0.1411834122104894,0.1979521714853407,0.3391355836958302,0.9661654135338346,0.575187969924812,0.924812030075188,0.05263157894736842,0.6428571428571429,0.04887218045112782,0.7349624060150376,5.0,266,0.9849624060150376,Buy,0.3129178525257217,-0.0324565641269925,0.011381018685406365,0.4502777931946961,0.5015037593984962,0.3362906150062994,0.18638656412699248,0.019787775664090436,-0.44306218589755975
TNET,Industrials,Staffing & Employment Services,2021-10-25,0.6168714664985482,0.5075319996000001,-9.89118,-1139.759,0.026306235450643145,0.29051977009910995,0.0104200298329058,-0.173299755423342,0.2235777970188133,0.396103940688161,0.9360902255639098,0.9924812030075187,0.4342105263157895,0.8045112781954887,0.03007518796992481,0.20300751879699247,0.7321428571428572,6.0,266,0.981203007518797,Buy,0.3129178525257217,-0.0324565641269925,0.011381018685406365,0.4502777931946961,0.5015037593984962,0.3039536139728265,0.5399885637269926,-0.0009609888525005644,-0.15975802309558612
CNI,Industrials,Railroads,2022-07-26,0.3801991774235301,0.3034160012,-19.221964,-105.664,0.1040018903016027,0.34600512598328365,0.0156584830135352,-0.0517184848352865,0.0988401152655003,0.1505586001007868,0.6654135338345865,0.9360902255639098,0.943609022556391,0.44360902255639095,0.3308270676691729,0.3458646616541353,0.731954887218045,7.0,266,0.9774436090225564,Buy,0.3129178525257217,-0.0324565641269925,0.011381018685406365,0.4502777931946961,0.5015037593984962,0.06728132489780841,0.3358725653269925,0.0042774643281288365,-0.10427266721141243
GE,Industrials,Aerospace & Defense,2023-01-24,0.5507213633659531,0.2389980086,-38.04112,-116.527,0.12913947849215815,0.422792911441066,0.0336311383679516,-0.1252367448662961,0.1351871752327409,0.2604239200990371,0.8947368421052632,0.8609022556390977,0.9736842105263158,0.08270676691729323,0.2894736842105263,0.6428571428571429,0.7065789473684211,8.0,266,0.9736842105263158,Buy,0.3129178525257217,-0.0324565641269925,0.011381018685406365,0.4502777931946961,0.5015037593984962,0.23780351084023144,0.2714545727269925,0.022250119682545234,-0.027484881753630064
JCI,Industrials,Building Products & Equipment,2023-02-01,0.5429214521506225,0.167851998,-25.714973,-70.317,0.03859078027304529,0.2577117068871369,0.0091461338837327,-0.1201759451898532,0.1168261373863509,0.2370020825762041,0.8872180451127819,0.6466165413533834,0.7744360902255639,0.21804511278195488,0.5150375939849624,0.15037593984962405,0.6966165413533835,9.0,266,0.9699248120300752,Hold,0.3129178525257217,-0.0324565641269925,0.011381018685406365,0.4502777931946961,0.5015037593984962,0.2300035996249008,0.2003085621269925,-0.0022348848016736644,-0.19256608630755917
STN,Industrials,Engineering & Construction,2021-11-06,0.660884827602264,0.1889000012,-15.014295,-76.672,0.026306235450643145,0.28793224907020193,0.0104200298329058,-0.173299755423342,0.2235777970188133,0.396103940688161,0.9736842105263158,0.7142857142857143,0.4342105263157895,0.6278195488721805,0.44360902255639095,0.19924812030075187,0.6960526315789475,10.0,266,0.9661654135338346,Hold,0.3129178525257217,-0.0324565641269925,0.011381018685406365,0.4502777931946961,0.5015037593984962,0.3479669750765423,0.2213565653269925,-0.0009609888525005644,-0.16234554412449415
AIV,Real Estate,REIT - Residential,2021-07-30,0.5928855920258032,0.7515619988000001,6.488889,-157.477,0.026306235450643145,0.2287630655903563,0.0104200298329058,-0.173299755423342,0.2235777970188133,0.396103940688161,0.9712230215827338,0.9928057553956835,0.4028776978417266,0.8920863309352518,0.33093525179856115,0.1366906474820144,0.7802158273381296,1.0,139,1.0,Buy,0.2832349189346529,0.2397822012685899,0.014312925875229058,0.41019252801238143,0.5028776978417266,0.30965067309115024,0.5117797975314102,-0.0038928960423232576,-0.18142946242202512
AMT,Real Estate,REIT - Specialty,2022-10-27,0.5766354160920302,0.36308200199999996,-27.632015,-444.55,0.07314576130924652,0.34457316737870863,0.0335040895919272,-0.1718336810644281,0.2862108569439633,0.4580445380083914,0.9568345323741008,0.8345323741007195,0.8561151079136691,0.4028776978417266,0.17266187050359713,0.43884892086330934,0.7327338129496404,2.0,139,0.9928057553956835,Buy,0.2832349189346529,0.2397822012685899,0.014312925875229058,0.41019252801238143,0.5028776978417266,0.29340049715737726,0.12329980073141006,0.019191163716698142,-0.0656193606336728
EPR,Real Estate,REIT - Specialty,2022-11-03,0.29102658947385357,0.39351600000000003,-19.543047,-134.85,0.19662864668934502,0.350691546674033,0.0815786499862483,-0.0844864866193693,0.3303994149577695,0.4148859015771389,0.5899280575539568,0.8776978417266187,1.0,0.5539568345323741,0.4028776978417266,0.45323741007194246,0.7172661870503597,3.0,139,0.9856115107913669,Buy,0.2832349189346529,0.2397822012685899,0.014312925875229058,0.41019252801238143,0.5028776978417266,0.007791670539200657,0.15373379873141013,0.06726572411101923,-0.05950098133834841
LAMR,Real Estate,REIT - Specialty,2022-08-03,0.4876251479516032,0.356622,-23.558685,-504.797,0.0706871733717859,0.42001865953941947,0.0198041484486731,-0.1406762500278887,0.1394888325018413,0.28016508252973,0.8848920863309353,0.8129496402877698,0.8489208633093526,0.45323741007194246,0.1366906474820144,0.6258992805755396,0.6906474820143885,4.0,139,0.9784172661870504,Hold,0.2832349189346529,0.2397822012685899,0.014312925875229058,0.41019252801238143,0.5028776978417266,0.2043902290169503,0.1168397987314101,0.005491222573444041,0.00982613152703804
IRM,Real Estate,REIT - Specialty,2022-11-03,0.6916637823942845,0.18829199880000003,-47.17789,-72.097,0.11582880984771045,0.42892156132234455,0.043524521184924,-0.0873688424892596,0.2883960938278728,0.3757649363171324,1.0,0.37410071942446044,0.9640287769784173,0.16546762589928057,0.7697841726618705,0.6474820143884892,0.6651079136690647,5.0,139,0.9712230215827338,Hold,0.2832349189346529,0.2397822012685899,0.014312925875229058,0.41019252801238143,0.5028776978417266,0.4084288634596316,-0.051490202468589874,0.029211595309694943,0.018729033309963117
SUI,Real Estate,REIT - Residential,2021-10-26,0.6209752794223433,0.25749399996,-44.184746,-62.535,0.026306235450643145,0.26205473453882017,0.0104200298329058,-0.173299755423342,0.2235777970188133,0.396103940688161,0.9856115107913669,0.5683453237410072,0.4028776978417266,0.18705035971223022,0.8489208633093526,0.17266187050359713,0.6553956834532375,6.0,139,0.9640287769784173,Hold,0.2832349189346529,0.2397822012685899,0.014312925875229058,0.41019252801238143,0.5028776978417266,0.3377403604876904,0.017711798691410097,-0.0038928960423232576,-0.14813779347356126
WPC,Real Estate,REIT - Diversified,2021-10-29,0.5718042534735781,0.3754320086,-21.800844,-104.704,0.026306235450643145,0.4908972412557111,0.0104200298329058,-0.173299755423342,0.2235777970188133,0.396103940688161,0.9496402877697842,0.8489208633093526,0.4028776978417266,0.49640287769784175,0.5251798561151079,0.8345323741007195,0.6489208633093524,7.0,139,0.9568345323741008,Hold,0.2832349189346529,0.2397822012685899,0.014312925875229058,0.41019252801238143,0.5028776978417266,0.2885693345389252,0.13564980733141008,-0.0038928960423232576,0.08070471324332967
JLL,Real Estate,Real Estate Services,2022-08-03,0.4364433210010864,0.14930399479999998,-11.696884,-53.531,0.10517874384531095,0.4458763792061511,0.0286795828610908,-0.1344568521520351,0.1382168519998855,0.2726737041519206,0.8345323741007195,0.2805755395683453,0.920863309352518,0.6330935251798561,0.9136690647482014,0.7122302158273381,0.6464028776978418,8.0,139,0.9496402877697842,Hold,0.2832349189346529,0.2397822012685899,0.014312925875229058,0.41019252801238143,0.5028776978417266,0.1532084020664335,-0.09047820646858992,0.014366656985861743,0.035683851193769656
REG,Real Estate,REIT - Retail,2021-11-05,0.37762433379888,0.313494002,-31.43002,-73.218,0.026306235450643145,0.3026605324159464,0.0104200298329058,-0.173299755423342,0.2235777970188133,0.396103940688161,0.7769784172661871,0.7266187050359713,0.4028776978417266,0.34532374100719426,0.7410071942446043,0.2589928057553957,0.6392086330935252,9.0,139,0.9424460431654677,Hold,0.2832349189346529,0.2397822012685899,0.014312925875229058,0.41019252801238143,0.5028776978417266,0.09438941486422708,0.0737118007314101,-0.0038928960423232576,-0.107531995596435
PLD,Real Estate,REIT - Industrial,2023-01-18,0.26594173139399047,0.3261260044,-44.037796,-60.934,0.1128312554120275,0.47532750143562286,0.0271742364491891,-0.0740379540484995,0.1668006639275352,0.2408386179760347,0.5179856115107914,0.7553956834532374,0.9568345323741008,0.19424460431654678,0.8633093525179856,0.7913669064748201,0.6363309352517986,10.0,139,0.935251798561151,Hold,0.2832349189346529,0.2397822012685899,0.014312925875229058,0.41019252801238143,0.5028776978417266,-0.017293187540662447,0.0863438031314101,0.012861310573960042,0.06513497342324143
YMM,Technology,Software - Application,2022-11-23,0.6349579181915787,0.33823800660000003,-9.684663,-0.062,0.07295218592851942,0.21263407730930273,0.0490916263408929,-0.2194954628731376,0.4534323289932807,0.6729277918664183,0.9707602339181286,0.8801169590643275,0.9093567251461988,0.7982456140350878,1.0,0.21637426900584794,0.9027777777777778,1.0,342,1.0,Buy,0.2819207506498476,-0.2704238544600766,0.008351909777770044,0.42471369664337916,0.5011695906432748,0.35303716754173103,0.6086618610600767,0.04073971656312285,-0.21207961933407643
NICE,Technology,Software - Application,2021-11-11,0.5925424427220263,0.244721998,-7.0188003,-2.341,0.026306235450643145,0.15139742911140058,0.0104200298329058,-0.173299755423342,0.2235777970188133,0.396103940688161,0.9502923976608187,0.7485380116959064,0.5350877192982456,0.8567251461988304,0.9152046783625731,0.19005847953216373,0.7899122807017543,2.0,342,0.9970760233918129,Buy,0.2819207506498476,-0.2704238544600766,0.008351909777770044,0.42471369664337916,0.5011695906432748,0.31062169207217866,0.5151458524600766,0.0020681200551357568,-0.2733162675319786
BLKB,Technology,Software - Application,2021-11-04,0.7092848586694491,1.030728,-4.7494035,-3457.183,0.026306235450643145,0.19132521931794724,0.0104200298329058,-0.173299755423342,0.2235777970188133,0.396103940688161,0.9941520467836257,0.9970760233918129,0.5350877192982456,0.9064327485380117,0.008771929824561403,0.20175438596491227,0.776169590643275,3.0,342,0.9941520467836258,Buy,0.2819207506498476,-0.2704238544600766,0.008351909777770044,0.42471369664337916,0.5011695906432748,0.4273641080196015,1.3011518544600766,0.0020681200551357568,-0.23338847732543191
DOX,Technology,Software - Infrastructure,2022-08-03,0.6454777850682654,0.18020799599999998,-7.163331,-31.191,0.05641936439330406,0.27613472331712224,0.0141900168027633,-0.1551925028729101,0.0963161863154246,0.2515086891883347,0.9736842105263158,0.5672514619883041,0.8567251461988304,0.8508771929824561,0.5760233918128655,0.32456140350877194,0.7668128654970761,4.0,342,0.9912280701754386,Buy,0.2819207506498476,-0.2704238544600766,0.008351909777770044,0.42471369664337916,0.5011695906432748,0.36355703441841775,0.4506318504600766,0.005838107024993256,-0.1485789733262569
QLYS,Technology,Software - Infrastructure,2021-11-03,0.4556588047736519,0.39837,-13.28107,-9.165,0.026306235450643145,0.24042701957342286,0.0104200298329058,-0.173299755423342,0.2235777970188133,0.396103940688161,0.8187134502923976,0.9122807017543859,0.5350877192982456,0.6491228070175439,0.7719298245614035,0.2631578947368421,0.7555555555555555,5.0,342,0.9883040935672515,Buy,0.2819207506498476,-0.2704238544600766,0.008351909777770044,0.42471369664337916,0.5011695906432748,0.17373805412380428,0.6687938544600767,0.0020681200551357568,-0.1842866770699563
ADBE,Technology,Software - Application,2021-12-16,0.44795751575535114,0.470628012,-8.980935,-58.34,0.026306235450643145,0.2252241028685215,0.0104200298329058,-0.173299755423342,0.2235777970188133,0.396103940688161,0.8070175438596491,0.9707602339181286,0.5350877192982456,0.8128654970760234,0.43567251461988304,0.23391812865497075,0.7529239766081871,6.0,342,0.9853801169590644,Buy,0.2819207506498476,-0.2704238544600766,0.008351909777770044,0.42471369664337916,0.5011695906432748,0.16603676510550353,0.7410518664600766,0.0020681200551357568,-0.19948959377485767
YOU,Technology,Software - Application,2022-08-15,0.43973210197222845,0.445824002,-19.958723,-52.083,0.053920374306075075,0.35208961513696474,0.0250556586764587,-0.2305638778970744,0.2341139934741086,0.464677871371183,0.7982456140350878,0.956140350877193,0.8391812865497076,0.43859649122807015,0.47953216374269003,0.5058479532163743,0.7476608187134504,7.0,342,0.9824561403508771,Buy,0.2819207506498476,-0.2704238544600766,0.008351909777770044,0.42471369664337916,0.5011695906432748,0.15781135132238083,0.7162478564600766,0.016703748898688656,-0.07262408150641442
TDC,Technology,Software - Infrastructure,2021-11-04,0.5384697264464886,0.4600499919999999,-11.662184,-99.282,0.026306235450643145,0.25724225530431194,0.0104200298329058,-0.173299755423342,0.2235777970188133,0.396103940688161,0.9210526315789473,0.9649122807017544,0.5350877192982456,0.7076023391812866,0.22514619883040934,0.29239766081871343,0.7425438596491228,8.0,342,0.97953216374269,Buy,0.2819207506498476,-0.2704238544600766,0.008351909777770044,0.42471369664337916,0.5011695906432748,0.256548975796641,0.7304738464600765,0.0020681200551357568,-0.16747144133906722
VNT,Technology,Scientific & Technical Instruments,2022-08-04,0.6280554488768503,0.243451999,-7.778971,-153.149,0.10067378119850434,0.4684390719392975,0.0321037702537945,-0.1402570976471271,0.1786309901730038,0.318888087820131,0.9619883040935673,0.7456140350877193,0.9736842105263158,0.8333333333333334,0.11988304093567251,0.7456140350877193,0.7423976608187135,9.0,342,0.9766081871345029,Buy,0.2819207506498476,-0.2704238544600766,0.008351909777770044,0.42471369664337916,0.5011695906432748,0.34613469822700266,0.5138758534600766,0.02375186047602446,0.043725375295918356
APPF,Technology,Software - Application,2021-11-08,0.5007757386399805,0.299020008,-20.582218,-7.864,0.026306235450643145,0.21691611970071067,0.0104200298329058,-0.173299755423342,0.2235777970188133,0.396103940688161,0.8742690058479532,0.8421052631578947,0.5350877192982456,0.4298245614035088,0.7923976608187134,0.2222222222222222,0.7361111111111112,10.0,342,0.9736842105263158,Buy,0.2819207506498476,-0.2704238544600766,0.008351909777770044,0.42471369664337916,0.5011695906432748,0.21885498799013287,0.5694438624600766,0.0020681200551357568,-0.20779757694266848
FISV,Unknown,Unknown,2022-07-26,0.6976317252463937,0.1460380006,-6.0394425,-72.097,0.09934789800077021,0.37411545104103183,0.0217886925732244,-0.0735247612580679,0.1457913356477517,0.2193160969058196,1.0,0.6666666666666666,1.0,0.6666666666666666,0.6666666666666666,0.6666666666666666,0.7833333333333333,1.0,3,1.0,Buy,0.39049954449375485,0.1460380006,-0.0025458459260490666,0.3717307058901386,0.6333333333333333,0.3071321807526389,0.0,0.024334538499273466,0.0023847451508932083
LBRDK,Unknown,Unknown,2021-11-04,0.23853139422819425,0.1460380006,-13.34459,-72.097,0.026306235450643145,0.26113659416399904,0.0104200298329058,-0.173299755423342,0.2235777970188133,0.396103940688161,0.6666666666666666,0.6666666666666666,0.6666666666666666,0.3333333333333333,0.6666666666666666,0.3333333333333333,0.6333333333333333,2.0,3,0.6666666666666667,Hold,0.39049954449375485,0.1460380006,-0.0025458459260490666,0.3717307058901386,0.6333333333333333,-0.1519681502655606,0.0,0.012965875758954868,-0.11059411172613959
BBBY,Unknown,Unknown,2022-04-13,0.23533551400667657,0.1460380006,13.03968,-72.097,-0.07213814527492261,0.479940072465385,-0.0398462601842774,-0.2744669011487487,0.2778925737764245,0.5523594749251732,0.3333333333333333,0.6666666666666666,0.3333333333333333,1.0,0.6666666666666666,1.0,0.4833333333333333,3.0,3,0.33333333333333337,Hold,0.39049954449375485,0.1460380006,-0.0025458459260490666,0.3717307058901386,0.6333333333333333,-0.15516403048707827,0.0,-0.03730041425822833,0.10820936657524638
ATO,Utilities,Utilities - Regulated Gas,2022-08-04,0.35080780821007207,0.282726,-18.68467,-64.588,0.051521404312453514,0.33727902941447035,0.009192055190424,-0.0739089706469637,0.1045023865682712,0.1784113572152349,0.7377049180327869,1.0,0.8688524590163934,0.29508196721311475,0.9344262295081968,0.45901639344262296,0.7852459016393443,1.0,61,1.0,Buy,0.27540831963747286,0.18662458983934427,0.010122122008938205,0.43897610486793065,0.5065573770491804,0.0753994885725992,0.09610141016065571,-0.0009300668185142046,-0.1016970754534603
UGI,Utilities,Utilities - Regulated Gas,2021-11-19,0.5874008605769405,0.2132760036,-10.3503,-129.716,0.026306235450643145,0.28568306806402965,0.0104200298329058,-0.173299755423342,0.2235777970188133,0.396103940688161,0.9836065573770492,0.7540983606557377,0.45081967213114754,0.9016393442622951,0.6065573770491803,0.2786885245901639,0.7475409836065574,2.0,61,0.9836065573770492,Buy,0.27540831963747286,0.18662458983934427,0.010122122008938205,0.43897610486793065,0.5065573770491804,0.31199254093946766,0.026651413760655746,0.0002979078239675956,-0.153293036803901
SWX,Utilities,Utilities - Regulated Gas,2021-11-09,0.5314088717234393,0.24804999979999995,-18.001692,-85.549,0.026306235450643145,0.3289211771472932,0.0104200298329058,-0.173299755423342,0.2235777970188133,0.396103940688161,0.9344262295081968,0.8524590163934426,0.45081967213114754,0.4098360655737705,0.8688524590163934,0.39344262295081966,0.7254098360655739,3.0,61,0.9672131147540983,Buy,0.27540831963747286,0.18662458983934427,0.010122122008938205,0.43897610486793065,0.5065573770491804,0.25600055208596645,0.06142540996065568,0.0002979078239675956,-0.11005492772063746
AWK,Utilities,Utilities - Regulated Water,2021-11-03,0.5393535353919539,0.2578959996,-19.133337,-142.33,0.026306235450643145,0.33533277977105236,0.0104200298329058,-0.173299755423342,0.2235777970188133,0.396103940688161,0.9508196721311475,0.9344262295081968,0.45081967213114754,0.2459016393442623,0.4918032786885246,0.4262295081967213,0.6926229508196722,4.0,61,0.9508196721311475,Hold,0.27540831963747286,0.18662458983934427,0.010122122008938205,0.43897610486793065,0.5065573770491804,0.263945215754481,0.07127140976065571,0.0002979078239675956,-0.10364332509687829
CPK,Utilities,Utilities - Regulated Gas,2021-08-05,0.5122382049006471,0.1950839974,-16.825983,-100.926,0.026306235450643145,0.25096442400268754,0.0104200298329058,-0.173299755423342,0.2235777970188133,0.396103940688161,0.9016393442622951,0.5081967213114754,0.45081967213114754,0.5081967213114754,0.8032786885245902,0.19672131147540983,0.6540983606557377,5.0,61,0.9344262295081968,Hold,0.27540831963747286,0.18662458983934427,0.010122122008938205,0.43897610486793065,0.5065573770491804,0.23682988526317422,0.008459407560655718,0.0002979078239675956,-0.1880116808652431
CIG,Utilities,Utilities - Regulated Electric,2022-08-16,0.3485913269191516,0.1170059996,-13.866666,-69.259,0.09436733997905591,0.31153705898708206,0.0275581799248975,-0.1252495678515998,0.166780339568423,0.2920299074200229,0.7213114754098361,0.09836065573770492,0.9836065573770492,0.819672131147541,0.9016393442622951,0.32786885245901637,0.6409836065573771,6.0,61,0.9180327868852459,Hold,0.27540831963747286,0.18662458983934427,0.010122122008938205,0.43897610486793065,0.5065573770491804,0.07318300728167876,-0.06961859023934427,0.017436057915959296,-0.1274390458808486
D,Utilities,Utilities - Regulated Electric,2023-02-08,0.3292878639820397,0.211632,-17.368303,-154.901,0.05523418492160707,0.4762713599243362,0.0094347319140256,-0.0859791591976895,0.0848331139123627,0.1708122731100523,0.6721311475409836,0.7377049180327869,0.8852459016393442,0.4426229508196721,0.4426229508196721,0.7868852459016393,0.639344262295082,7.0,61,0.9016393442622951,Hold,0.27540831963747286,0.18662458983934427,0.010122122008938205,0.43897610486793065,0.5065573770491804,0.05387954434456682,0.02500741016065572,-0.0006873900949126051,0.037295255056405574
BEP,Utilities,Utilities - Renewable,2023-02-03,0.44495916433970506,0.124859992,25.571249,-106.106,0.07929086044344659,0.4864062178395425,0.0188522032279168,-0.116590847840404,0.1211682561928085,0.2377591040332126,0.8524590163934426,0.13114754098360656,0.9672131147540983,1.0,0.7704918032786885,0.819672131147541,0.6344262295081967,8.0,61,0.8852459016393442,Hold,0.27540831963747286,0.18662458983934427,0.010122122008938205,0.43897610486793065,0.5065573770491804,0.1695508447022322,-0.061764597839344265,0.008730081218978596,0.04743011297161187
FE,Utilities,Utilities - Regulated Electric,2021-10-29,0.39901351560976606,0.21820401319999996,-15.579294,-198.922,0.026306235450643145,0.27701903826287216,0.0104200298329058,-0.173299755423342,0.2235777970188133,0.396103940688161,0.7868852459016393,0.7704918032786885,0.45081967213114754,0.639344262295082,0.16393442622950818,0.26229508196721313,0.6336065573770492,9.0,61,0.8688524590163934,Hold,0.27540831963747286,0.18662458983934427,0.010122122008938205,0.43897610486793065,0.5065573770491804,0.12360519597229319,0.031579423360655695,0.0002979078239675956,-0.1619570666050585
PPL,Utilities,Utilities - Regulated Electric,2022-08-03,0.43859732565023724,0.18998599619999998,-16.888062,-135.116,0.050311897223962634,0.4832157757366122,0.0066519428473603,-0.0665357083546256,0.0656774042984767,0.1322131126531023,0.8360655737704918,0.47540983606557374,0.8524590163934426,0.4918032786885246,0.5573770491803278,0.8032786885245902,0.6229508196721312,10.0,61,0.8524590163934427,Hold,0.27540831963747286,0.18662458983934427,0.010122122008938205,0.43897610486793065,0.5065573770491804,0.16318900601276437,0.003361406360655711,-0.003470179161577905,0.044239670868681524
