ticker,sector,industry,earnings_date,sentiment_score,financial_quality_score,valuation_score,leverage_score,forecast_score,risk_score_combined,predicted_return,lower_bound,upper_bound,interval_width,sentiment_pct,financial_pct,forecast_pct,valuation_pct,leverage_pct,risk_pct,overall_score,overall_rank_in_sector,peer_count,rank_percentile,recommendation,sector_avg_sentiment,sector_avg_financial_quality,sector_avg_forecast,sector_avg_risk,sector_avg_overall_score,sentiment_vs_sector,financial_vs_sector,forecast_vs_sector,risk_vs_sector,return_20d,market_cap,sector_raw,industry_raw,quarter,forecast_confidence,downside_risk,recommendation_score,quarter_rank,is_top10
HSBC,Financial Services,Banks - Diversified,2022-02-22,0.422927830832571,0.195988,-9.445432,-72.097,0.2397504009601148,0.4346458339621749,0.0268391038308056,-0.0236528213821284,0.0882922013286765,0.1119450227108049,0.7913669064748201,0.5935251798561151,0.9856115107913668,0.5827338129496403,0.4442446043165468,0.6366906474820144,0.6823741007194245,21.0,278,0.9280575539568344,Hold,0.2794750716129462,0.2755062445651151,0.0153198208202232,0.4509297549183477,0.5014388489208633,0.1434527592196248,-0.0795182445651151,0.0115192830105823,-0.0162839209561728,-0.0538843921505054,306404196352.0,Financial Services,Banks - Diversified,2022Q1,8.932876539824413,0.050491925212934,0.7409958385553348,1.0,True
STNG,Energy,Oil & Gas Midstream,2022-02-14,0.1841171682378337,0.37701199,-11.881506,-17.044,0.0788527873033544,0.401211195026731,0.0306601509848025,-0.1287077952435728,0.2601189435508703,0.3888267387944432,0.3265306122448979,0.8979591836734694,0.9489795918367347,0.5816326530612245,0.8877551020408163,0.6020408163265306,0.68265306122449,8.0,98,0.9285714285714286,Hold,0.2612681571950014,0.1736823675338775,0.0091151599791071,0.4266545525131396,0.5040816326530612,-0.0771509889571677,0.2033296224661225,0.0215449910056953,-0.0254433574864086,0.1498429782039316,3792861184.0,Energy,Oil & Gas Midstream,2022Q1,2.5718329744181596,0.1593679462283753,0.6820602620258884,2.0,True
NBTB,Financial Services,Banks - Regional,2022-01-27,0.3630633885569937,0.1574799998,-10.392132,-72.097,0.1235250680520838,0.4112019154159339,0.0261170081225938,-0.0755516118006345,0.1358782219114479,0.2114298337120824,0.6654676258992805,0.3417266187050359,0.8669064748201439,0.4244604316546763,0.4442446043165468,0.5503597122302158,0.5570143884892087,94.0,278,0.6654676258992807,Hold,0.2794750716129462,0.2755062445651151,0.0153198208202232,0.4509297549183477,0.5014388489208633,0.0835883169440475,-0.1180262447651151,0.0107971873023705,-0.0397278395024137,0.0057516797820562,2455403008.0,Financial Services,Banks - Regional,2022Q1,4.72967912221241,0.10166861992322829,0.6790136475997258,3.0,True
MTB,Financial Services,Banks - Regional,2022-01-20,0.1087324548623722,0.1640960008,-10.806963,-72.097,0.2524861977181243,0.3857871086214632,0.0500412802007488,-0.0428095159418289,0.1553836057685977,0.1981931217104267,0.1726618705035971,0.381294964028777,0.9892086330935252,0.3597122302158273,0.4442446043165468,0.4532374100719424,0.4714028776978418,170.0,278,0.3920863309352518,Hold,0.2794750716129462,0.2755062445651151,0.0153198208202232,0.4509297549183477,0.5014388489208633,-0.1707426167505739,-0.1114102437651151,0.0347214593805255,-0.0651426462968844,0.0980463138691345,33013108736.0,Financial Services,Banks - Regional,2022Q1,5.045558321154747,0.0928507961425777,0.6721992646498778,4.0,True
HDB,Financial Services,Banks - Regional,2022-01-15,0.2869197727881186,0.165790004,-15.810411,-72.097,0.1014552055934935,0.3438010961253087,0.0208473998563292,-0.0517749737737283,0.153707813227401,0.2054827870011293,0.5143884892086331,0.3884892086330935,0.8093525179856115,0.1223021582733813,0.4442446043165468,0.3309352517985611,0.5111510791366907,136.0,278,0.5143884892086331,Hold,0.2794750716129462,0.2755062445651151,0.0153198208202232,0.4509297549183477,0.5014388489208633,0.0074447011751724,-0.1097162405651151,0.0055275790361059,-0.107128658793039,-0.0699575122261887,119536254976.0,Financial Services,Banks - Regional,2022Q1,4.866563998037004,0.0726223736300575,0.6509955615873038,5.0,True
AXS,Financial Services,Insurance - Specialty,2022-01-27,0.1485907856549601,0.1739099999999999,-6.7259893,-23.409,0.0883913940412628,0.4424782691786499,0.017603281699303,-0.0973596623677654,0.1017908714465495,0.199150533814315,0.2482014388489208,0.4676258992805755,0.7697841726618705,0.8669064748201439,0.8848920863309353,0.658273381294964,0.5422661870503597,108.0,278,0.6151079136690647,Hold,0.2794750716129462,0.2755062445651151,0.0153198208202232,0.4509297549183477,0.5014388489208633,-0.130884285957986,-0.1015962445651151,0.0022834608790797,-0.0084514857396977,0.0251698638136381,7196861952.0,Financial Services,Insurance - Specialty,2022Q1,5.021302024881116,0.1149629440670684,0.6503039724139842,6.0,True
GFI,Basic Materials,Gold,2022-02-17,0.1361051455674456,0.442366,-6.281939,-37.143,0.0313070780131809,0.3532629130715516,0.0113964328292062,-0.1405376986914613,0.2234822688484686,0.36401996753993,0.1495327102803738,0.97196261682243,0.7570093457943925,0.8504672897196262,0.6448598130841121,0.3738317757009345,0.6439252336448598,18.0,107,0.8411214953271028,Hold,0.2821841289930048,0.1394136077375701,0.0133285877985363,0.3960616588256828,0.5037383177570093,-0.1460789834255591,0.3029523922624298,-0.0019321549693301,-0.0427987457541312,0.2320326897021156,31742916608.0,Basic Materials,Gold,2022Q1,2.747094506006192,0.15193413152066748,0.6295142705513029,7.0,True
SBSW,Basic Materials,Other Precious Metals & Mining,2022-03-03,0.2134682946969778,0.0564819969999999,-2.5892365,-99.405,0.0551896128708416,0.8254680660035403,0.0213206089232338,-0.1591767644773342,0.2271378448227292,0.3863146093000634,0.3738317757009345,0.2710280373831775,0.8504672897196262,0.9439252336448598,0.2523364485981308,0.9439252336448598,0.4565420560747663,68.0,107,0.3738317757009346,Hold,0.2821841289930048,0.1394136077375701,0.0133285877985363,0.3960616588256828,0.5037383177570093,-0.0687158342960269,-0.0829316107375701,0.0079920211246974,0.4294064071778574,-0.1338498289578447,6937121280.0,Basic Materials,Other Precious Metals & Mining,2022Q1,2.588557065586415,0.18049737340056798,0.5676505086666727,8.0,True
INFY,Technology,Information Technology Services,2022-01-12,0.6178250437346549,0.2268239979999999,-14.081104,-9.827,0.0229153852677705,0.2607205966694328,0.006430248697304,-0.1306595467656784,0.1499478140436791,0.2806073608093576,0.956140350877193,0.716374269005848,0.3099415204678362,0.6228070175438597,0.7690058479532164,0.3011695906432748,0.6891812865497076,30.0,342,0.9152046783625732,Hold,0.2819207506498476,-0.2704238544600766,0.00835190977777,0.4247136966433791,0.5011695906432748,0.3359042930848072,0.4972478524600766,-0.001921661080466,-0.1639930999739463,-0.1091262124056595,49554923520.0,Technology,Information Technology Services,2022Q1,3.563685690318364,0.1370897954629824,0.5057495117324913,9.0,True
BBVA,Financial Services,Banks - Diversified,2022-02-03,0.4317895005741235,0.2167979981999999,-9.370945,-72.097,0.026972613918984,0.5164184823223114,0.0044045708145766,-0.0761939900685544,0.0871028952534365,0.163296885321991,0.8093525179856115,0.6726618705035972,0.6654676258992805,0.5899280575539568,0.4442446043165468,0.8381294964028777,0.6232014388489209,48.0,278,0.8309352517985611,Hold,0.2794750716129462,0.2755062445651151,0.0153198208202232,0.4509297549183477,0.5014388489208633,0.1523144289611773,-0.0587082463651151,-0.0109152500056466,0.0654887274039636,-0.1823801373399831,125208952832.0,Financial Services,Banks - Diversified,2022Q1,6.12377801481139,0.080598560883131,0.5039485254914452,10.0,True
KT,Communication Services,Telecom Services,2022-05-12,0.7550511229249091,0.2489019996,-4.6948004,-63.276,0.0710430286159995,0.1969954698136709,0.0190418222954319,-0.1027843538024719,0.1652468890000752,0.2680312428025471,1.0,0.7904761904761904,0.8857142857142857,0.7428571428571429,0.580952380952381,0.238095238095238,0.8333333333333333,1.0,105,1.0,Buy,0.278602079529016,0.1292768957859047,0.0088146396463528,0.3578756329009985,0.5038095238095238,0.476449043395893,0.1196251038140952,0.010227182649079,-0.1608801630873275,0.0135039925893267,8962670592.0,Communication Services,Telecom Services,2022Q2,3.730894423536485,0.1218261760979038,0.7564805903111966,1.0,True
HRZN,Financial Services,Asset Management,2022-05-04,0.555010876469858,0.415252,-5.6452036,-133.937,0.0653751853073767,0.4156842335344302,0.0151474239584443,-0.1187947382636244,0.1129041626578819,0.2316989009215063,0.946043165467626,0.9136690647482014,0.7230215827338129,0.9064748201438848,0.1402877697841726,0.564748201438849,0.7577338129496405,4.0,278,0.9892086330935252,Buy,0.2794750716129462,0.2755062445651151,0.0153198208202232,0.4509297549183477,0.5014388489208633,0.2755358048569118,0.1397457554348848,-0.0001723968617789,-0.0352455213839175,-0.0198022432490837,294205376.0,Financial Services,Asset Management,2022Q2,4.315927611634038,0.1339421622220687,0.719984766758297,2.0,True
VOYA,Financial Services,Financial Conglomerates,2022-05-04,0.5411033678756285,0.182575992,-8.015809,-73.442,0.1228025003497812,0.3687164182904031,0.0349259421367493,-0.1206700158831946,0.163736402836041,0.2844064187192356,0.935251798561151,0.5107913669064749,0.8633093525179856,0.7589928057553957,0.2230215827338129,0.3920863309352518,0.6931654676258994,13.0,278,0.9568345323741008,Hold,0.2794750716129462,0.2755062445651151,0.0153198208202232,0.4509297549183477,0.5014388489208633,0.2616282962626823,-0.0929302525651151,0.019606121316526,-0.0822133366279446,0.009640201403678,8021248512.0,Financial Services,Financial Conglomerates,2022Q2,3.5160826834379835,0.15559595801994391,0.719566475789532,3.0,True
MTX,Basic Materials,Specialty Chemicals,2022-04-29,0.5806352550842265,0.1198599992,-10.724596,-54.851,0.0740146753933919,0.3042241451812411,0.0195218950156469,-0.1113579875039158,0.1523980973159119,0.2637560848198277,0.97196261682243,0.4672897196261682,0.9065420560747663,0.616822429906542,0.5233644859813084,0.2616822429906542,0.7289719626168224,4.0,107,0.97196261682243,Buy,0.2821841289930048,0.1394136077375701,0.0133285877985363,0.3960616588256828,0.5037383177570093,0.2984511260912217,-0.0195536085375701,0.0061933072171105,-0.0918375136444417,0.059739240476196,2372788224.0,Basic Materials,Specialty Chemicals,2022Q2,3.7913673510726715,0.1308798825195627,0.7145435492430716,4.0,True
ARCC,Financial Services,Asset Management,2022-04-26,0.3382669352761143,0.462703988,-9.879556,-112.911,0.1164621596985046,0.467987837650476,0.0266289081085501,-0.1015878369630936,0.1270597487877337,0.2286475857508274,0.6115107913669064,0.9568345323741008,0.841726618705036,0.5107913669064749,0.1798561151079136,0.7410071942446043,0.6553956834532374,32.0,278,0.8884892086330936,Hold,0.2794750716129462,0.2755062445651151,0.0153198208202232,0.4509297549183477,0.5014388489208633,0.058791863663168,0.1871977434348848,0.0113090872883268,0.0170580827321283,-0.0671717531464763,13663975424.0,Financial Services,Asset Management,2022Q2,4.373523661719746,0.1282167450716437,0.7101852223707079,5.0,True
SU,Energy,Oil & Gas Integrated,2022-05-10,0.4355564933107678,0.2238839999999999,-11.508191,-32.358,0.0565616669652583,0.3535099674144093,0.0209543738350149,-0.1261488317394478,0.2443196922207573,0.3704685239602051,0.9081632653061223,0.673469387755102,0.8775510204081632,0.6020408163265306,0.7857142857142857,0.3571428571428571,0.7739795918367347,1.0,98,1.0,Buy,0.2612681571950014,0.1736823675338775,0.0091151599791071,0.4266545525131396,0.5040816326530612,0.1742883361157663,0.0502016324661224,0.0118392138559077,-0.0731445850987303,0.2486481231918182,72261607424.0,Energy,Oil & Gas Integrated,2022Q2,2.699277363790436,0.1471032055744627,0.7062232130580818,6.0,True
LKQ,Consumer Cyclical,Auto Parts,2022-04-28,0.4179573175487469,0.1234339949999999,-7.6289268,-80.678,0.0868257794779502,0.3570250992419554,0.021918532176361,-0.1095744225110933,0.1428672541702869,0.2524416766813802,0.73992673992674,0.4871794871794871,0.934065934065934,0.8168498168498168,0.5201465201465202,0.4395604395604395,0.6833333333333335,25.0,273,0.912087912087912,Hold,0.2937265521965516,0.1291357880104981,0.0103208019198157,0.463530594762463,0.5014652014652015,0.1242307653521953,-0.0057017930104981,0.0115977302565453,-0.1065054955205075,0.0008563988060199,6461495808.0,Consumer Cyclical,Auto Parts,2022Q2,3.9612953449315045,0.1314929546874543,0.7060089829964711,7.0,True
PH,Industrials,Specialty Industrial Machinery,2022-05-05,0.3117432624030918,0.2198700028,-26.55746,-65.554,0.1159139771370203,0.5024250900530515,0.0332966367244509,-0.108365109978167,0.178886881825327,0.287251991803494,0.5112781954887218,0.8195488721804511,0.9661654135338346,0.1954887218045112,0.5300751879699248,0.793233082706767,0.619172932330827,57.0,266,0.7894736842105263,Hold,0.3129178525257217,-0.0324565641269925,0.0113810186854063,0.4502777931946961,0.5015037593984962,-0.0011745901226298,0.2523265669269925,0.0219156180390445,0.0521472968583553,0.0075209372688402,114175016960.0,Industrials,Specialty Industrial Machinery,2022Q2,3.4812518182024266,0.1416617467026179,0.6914612807282886,8.0,True
AER,Industrials,Rental & Leasing Services,2022-05-17,0.2287151839663023,0.3887180004,-8.166041,-234.407,0.1644227683970008,0.5505291521076413,0.0631086374007834,-0.1089750689095422,0.2748432647268239,0.3838183336363661,0.3909774436090225,0.9661654135338346,1.0,0.8421052631578947,0.1090225563909774,0.8120300751879699,0.6531954887218047,33.0,266,0.8796992481203008,Hold,0.3129178525257217,-0.0324565641269925,0.0113810186854063,0.4502777931946961,0.5015037593984962,-0.0842026685594193,0.4211745645269925,0.051727618715377,0.1002513589129452,-0.1520747652492128,21921384448.0,Industrials,Rental & Leasing Services,2022Q2,2.605392465579676,0.1720837063103256,0.6896708807630241,9.0,True
KEY,Financial Services,Banks - Regional,2022-04-21,0.3889897651308149,0.147623996,-10.250036,-72.097,0.1499407991495016,0.4894552013685653,0.0327299880240938,-0.0525996455111142,0.1656854261234626,0.2182850716345768,0.7338129496402878,0.2625899280575539,0.9172661870503596,0.4496402877697841,0.4442446043165468,0.7841726618705036,0.543525179856115,106.0,278,0.6223021582733813,Hold,0.2794750716129462,0.2755062445651151,0.0153198208202232,0.4509297549183477,0.5014388489208633,0.1095146935178687,-0.1278822485651151,0.0174101672038705,0.0385254464502176,-0.1290322417355115,23854049280.0,Financial Services,Banks - Regional,2022Q2,4.581144332809545,0.085329633535208,0.6860337485545732,10.0,True
EGO,Basic Materials,Gold,2022-07-29,0.4712123385199082,0.3262759979999999,-5.115774,-28.789,0.1653071736702196,0.2719493771566228,0.0654024290465569,-0.1162926924256175,0.2793481154552177,0.3956408078808353,0.897196261682243,0.8691588785046729,1.0,0.9252336448598132,0.719626168224299,0.205607476635514,0.8855140186915889,1.0,107,1.0,Buy,0.2821841289930048,0.1394136077375701,0.0133285877985363,0.3960616588256828,0.5037383177570093,0.1890282095269034,0.1868623902624298,0.0520738412480205,-0.12411228166906,-0.0535713772267559,7620676096.0,Basic Materials,Gold,2022Q3,2.527538748637994,0.1816951214721744,0.7766791397191763,1.0,True
FISV,Unknown,Unknown,2022-07-26,0.6976317252463937,0.1460380006,-6.0394425,-72.097,0.0993478980007702,0.3741154510410318,0.0217886925732244,-0.0735247612580679,0.1457913356477517,0.2193160969058196,1.0,0.6666666666666666,1.0,0.6666666666666666,0.6666666666666666,0.6666666666666666,0.7833333333333333,1.0,3,1.0,Buy,0.3904995444937548,0.1460380006,-0.002545845926049,0.3717307058901386,0.6333333333333333,0.3071321807526389,0.0,0.0243345384992734,0.0023847451508932,0.0370769014896052,28811712512.0,Unknown,Unknown,2022Q3,4.55960804747213,0.09531345383129229,0.7594353545075393,2.0,True
DECK,Consumer Cyclical,Footwear & Accessories,2022-07-28,0.472206119364367,0.306057996,-13.55594,-15.01,0.080427540620166,0.2517377811335552,0.0297545607018906,-0.1362492681012084,0.2337046064660996,0.3699538745673081,0.8241758241758241,0.9194139194139194,0.9157509157509156,0.4505494505494505,0.934065934065934,0.2271062271062271,0.8347985347985349,1.0,273,1.0,Buy,0.2937265521965516,0.1291357880104981,0.0103208019198157,0.463530594762463,0.5014652014652015,0.1784795671678154,0.1769222079895018,0.0194337587820749,-0.2117928136289078,0.1584551129604294,15621330944.0,Consumer Cyclical,Footwear & Accessories,2022Q3,2.7030323662300173,0.166003828803099,0.7445065169030521,3.0,True
OZK,Financial Services,Banks - Regional,2022-07-22,0.3488355667293633,0.230184,-7.9053235,-72.097,0.1882370694121754,0.4315821325184545,0.0477012480594811,-0.0829202780546207,0.1704892122831326,0.2534094903377534,0.6294964028776978,0.697841726618705,0.9676258992805756,0.7697841726618705,0.4442446043165468,0.6187050359712231,0.6848920863309352,19.0,278,0.935251798561151,Hold,0.2794750716129462,0.2755062445651151,0.0153198208202232,0.4509297549183477,0.5014388489208633,0.0693604951164171,-0.0453222445651151,0.0323814272392578,-0.0193476223998931,0.1039735401403056,5536892928.0,Financial Services,Banks - Regional,2022Q3,3.9461665484612296,0.1306215261141018,0.738923148295608,4.0,True
BAH,Industrials,Consulting Services,2022-07-29,0.6056830796635932,0.2593139972,-11.507356,-373.032,0.0715047683147139,0.3596484217529956,0.0169943843553607,-0.1065028874389695,0.1311639598374988,0.2376668472764684,0.924812030075188,0.8947368421052632,0.8796992481203008,0.7556390977443609,0.0714285714285714,0.4060150375939849,0.7729323308270677,1.0,266,1.0,Buy,0.3129178525257217,-0.0324565641269925,0.0113810186854063,0.4502777931946961,0.5015037593984962,0.2927652271378715,0.2917705613269925,0.0056133656699543,-0.0906293714417004,0.0142921951768086,9452760064.0,Industrials,Consulting Services,2022Q3,4.207552731509133,0.1234972717943302,0.7330901604347732,5.0,True
CNI,Industrials,Railroads,2022-07-26,0.3801991774235301,0.3034160012,-19.221964,-105.664,0.1040018903016027,0.3460051259832836,0.0156584830135352,-0.0517184848352865,0.0988401152655003,0.1505586001007868,0.6654135338345865,0.9360902255639098,0.943609022556391,0.4436090225563909,0.3308270676691729,0.3458646616541353,0.731954887218045,7.0,266,0.9774436090225564,Buy,0.3129178525257217,-0.0324565641269925,0.0113810186854063,0.4502777931946961,0.5015037593984962,0.0672813248978084,0.3358725653269925,0.0042774643281288,-0.1042726672114124,0.066358271845232,72980045824.0,Industrials,Railroads,2022Q3,6.64188799206816,0.0673769678488217,0.7320504823174394,6.0,True
HBAN,Financial Services,Banks - Regional,2022-07-21,0.4987997975801993,0.153159999,-8.827496,-72.097,0.157597057533158,0.3157457701673267,0.0459737890382715,-0.071772065698211,0.2199442401823173,0.2917163058805284,0.89568345323741,0.3201438848920863,0.9316546762589928,0.6870503597122302,0.4442446043165468,0.2589928057553957,0.6775179856115108,24.0,278,0.9172661870503596,Hold,0.2794750716129462,0.2755062445651151,0.0153198208202232,0.4509297549183477,0.5014388489208633,0.2193247259672531,-0.1223462455651151,0.0306539682180482,-0.135183984751021,0.0742127395900851,34096336896.0,Financial Services,Banks - Regional,2022Q3,3.427976262777999,0.1177458547364825,0.7291400142638536,7.0,True
CPF,Financial Services,Banks - Regional,2022-07-27,0.4573758824883401,0.163238,-9.981298,-72.097,0.1456101582037612,0.275841188457608,0.0279995903373075,-0.071159472000878,0.1211309909211383,0.1922904629220164,0.8453237410071942,0.3741007194244604,0.9064748201438848,0.4928057553956834,0.4442446043165468,0.1654676258992805,0.6633093525179856,29.0,278,0.8992805755395683,Hold,0.2794750716129462,0.2755062445651151,0.0153198208202232,0.4509297549183477,0.5014388489208633,0.1779008108753939,-0.1122682445651151,0.0126797695170842,-0.1750885664607396,-0.0341917970452779,929203648.0,Financial Services,Banks - Regional,2022Q3,5.20043887962696,0.0991590623381855,0.7276914022198988,8.0,True
ULTA,Consumer Cyclical,Specialty Retail,2022-08-25,0.5709812451823306,0.258968006,-15.017449,-89.209,0.0573114819184717,0.221161670613565,0.0150927595233525,-0.1108338952849573,0.1525112793057235,0.2633451745906809,0.912087912087912,0.8791208791208791,0.8608058608058609,0.36996336996337,0.4835164835164835,0.1904761904761904,0.7862637362637364,3.0,273,0.9926739926739928,Buy,0.2937265521965516,0.1291357880104981,0.0103208019198157,0.463530594762463,0.5014652014652015,0.277254692985779,0.1298322179895018,0.0047719576035367,-0.242368924148898,-0.0642814840954831,20544591872.0,Consumer Cyclical,Specialty Retail,2022Q3,3.797283182694036,0.1259266548083098,0.7268731557181991,9.0,True
BNS,Financial Services,Banks - Diversified,2022-08-23,0.5616759986158462,0.158809998,-12.328912,-72.097,0.1829593180788457,0.3984728256789835,0.0377972535534545,-0.0711984573318812,0.1353888375434085,0.2065872948752897,0.9532374100719424,0.3489208633093525,0.9532374100719424,0.2410071942446043,0.4442446043165468,0.5,0.6347122302158275,41.0,278,0.8561151079136691,Hold,0.2794750716129462,0.2755062445651151,0.0153198208202232,0.4509297549183477,0.5014388489208633,0.2822009270028999,-0.1166962465651151,0.0224774327332312,-0.0524569292393641,-0.1162633826572351,100170407936.0,Financial Services,Banks - Diversified,2022Q3,4.8405453009991,0.10899571088533569,0.7262621779381115,10.0,True
BUD,Consumer Defensive,Beverages - Brewers,2022-10-27,0.5773099759500793,0.2166340025999999,-16.46373,-75.033,0.0830373775707181,0.2821135724033556,0.0210730102216231,-0.0913229206631327,0.1624534846225342,0.253776405285667,0.9351851851851852,0.8333333333333334,0.925925925925926,0.2685185185185185,0.5092592592592593,0.2129629629629629,0.7837962962962964,1.0,108,1.0,Buy,0.2976467916587303,0.1230319250059259,0.0071202215488362,0.3900424528943265,0.5037037037037037,0.2796631842913489,0.093602077594074,0.0139527886727868,-0.1079288804909708,0.1420787984044556,156797468672.0,Consumer Defensive,Beverages - Brewers,2022Q4,3.9404611252697634,0.1123959308847558,0.7477341104338219,1.0,True
ABBV,Healthcare,Drug Manufacturers - General,2022-10-28,0.4775074442650477,0.2597140007999999,-13.867237,-72.097,0.0833401766983377,0.6501035898578954,0.0224258144812326,-0.0832918521456984,0.1857948240468562,0.2690866761925548,0.912751677852349,0.8288590604026845,0.9664429530201344,0.4093959731543624,0.4093959731543624,0.8288590604026845,0.7276845637583894,14.0,298,0.9563758389261744,Buy,0.254586528118586,-2.4283354503314025,-0.0006302558750859,0.4725668890848757,0.5013422818791946,0.2229209161464616,2.6880494511314024,0.0230560703563185,0.1775367007730196,0.0733012800479029,398270431232.0,Healthcare,Drug Manufacturers - General,2022Q4,3.716260863929035,0.105717666626931,0.727791823578428,2.0,True
MDT,Healthcare,Medical Devices,2022-11-22,0.4119649992936394,0.2270440117999999,-12.789073,-57.06,0.0581741520275793,0.3221473305851677,0.014785993021622,-0.0931851551000246,0.1609815896160861,0.2541667447161108,0.8322147651006712,0.7751677852348994,0.929530201342282,0.4697986577181208,0.5503355704697986,0.2885906040268456,0.7609060402684564,5.0,298,0.9865771812080536,Buy,0.254586528118586,-2.4283354503314025,-0.0006302558750859,0.4725668890848757,0.5013422818791946,0.1573784711750533,2.6553794621314024,0.0154162488967079,-0.150419558499708,-0.0010727928788252,105252888576.0,Healthcare,Medical Devices,2022Q4,3.9344095416864815,0.1079711481216466,0.7219755056165259,3.0,True
O,Real Estate,REIT - Retail,2022-11-03,0.2368603565922392,0.324332,-35.58295,-73.467,0.1583677168413385,0.4467105250361038,0.0355559843012648,-0.0631861001900025,0.1613282556567117,0.2245143558467142,0.4172661870503597,0.7482014388489209,0.9856115107913668,0.2877697841726618,0.7338129496402878,0.7194244604316546,0.6187050359712231,18.0,139,0.8776978417266187,Hold,0.2832349189346529,0.2397822012685899,0.014312925875229,0.4101925280123814,0.5028776978417266,-0.0463745623424136,0.0845497987314101,0.0212430584260357,0.0365179970237224,0.0246859634693565,57115168768.0,Real Estate,REIT - Retail,2022Q4,4.454038327261414,0.09874208449126728,0.7173568940805007,4.0,True
WSM,Consumer Cyclical,Specialty Retail,2022-11-17,0.4060720908517027,0.294816006,-20.823463,-79.878,0.1328844300979142,0.4037558016300674,0.0493349947524645,-0.1064600805761026,0.264801336820071,0.3712614173961737,0.7142857142857143,0.912087912087912,0.9743589743589745,0.1831501831501831,0.5238095238095238,0.63003663003663,0.7091575091575092,18.0,273,0.9377289377289376,Buy,0.2937265521965516,0.1291357880104981,0.0103208019198157,0.463530594762463,0.5014652014652015,0.112345538655151,0.1656802179895018,0.0390141928326488,-0.0597747931323955,-0.1432623306881285,25100044288.0,Consumer Cyclical,Specialty Retail,2022Q4,2.6935126022543274,0.1557950753285671,0.7143174791201741,5.0,True
AXON,Industrials,Aerospace & Defense,2022-11-08,0.6492084675320211,0.1539299999999999,-42.79718,-52.074,0.0919063169470738,0.0072156072971363,0.0311687943494968,-0.1411834122104894,0.1979521714853407,0.3391355836958302,0.9661654135338346,0.575187969924812,0.924812030075188,0.0526315789473684,0.6428571428571429,0.0488721804511278,0.7349624060150376,5.0,266,0.9849624060150376,Buy,0.3129178525257217,-0.0324565641269925,0.0113810186854063,0.4502777931946961,0.5015037593984962,0.3362906150062994,0.1863865641269924,0.0197877756640904,-0.4430621858975597,0.1344000244140624,36473249792.0,Industrials,Aerospace & Defense,2022Q4,2.94866448527091,0.1723522065599862,0.7127530086042826,6.0,True
GMED,Healthcare,Medical Devices,2022-11-08,0.5712556628447218,0.260416,-16.01851,-2.45,0.0509088123303968,0.5302204728806315,0.0153108332611864,-0.1323425608272774,0.1684065953896755,0.300749156216953,0.953020134228188,0.8322147651006712,0.906040268456376,0.3255033557046979,0.9362416107382552,0.7583892617449665,0.7778523489932886,3.0,298,0.9932885906040269,Buy,0.254586528118586,-2.4283354503314025,-0.0006302558750859,0.4725668890848757,0.5013422818791946,0.3166691347261358,2.6887514503314023,0.0159410891362723,0.0576535837957556,0.089749518757167,11201645568.0,Healthcare,Medical Devices,2022Q4,3.3250190542831417,0.1476533940884638,0.7113815555742163,7.0,True
ISRG,Healthcare,Medical Instruments & Supplies,2022-10-18,0.3917191791219212,0.305573997,-36.181015,-72.097,0.0977357993578466,0.3803360086088871,0.0349486691669226,-0.1245300743627365,0.2330520159332019,0.3575820902959384,0.7885906040268457,0.8959731543624161,0.976510067114094,0.0637583892617449,0.4093959731543624,0.4832214765100671,0.7154362416107384,16.0,298,0.9496644295302014,Buy,0.254586528118586,-2.4283354503314025,-0.0006302558750859,0.4725668890848757,0.5013422818791946,0.1371326510033351,2.7339094473314027,0.0355789250420085,-0.0922308804759886,0.363650433603079,151089414144.0,Healthcare,Medical Instruments & Supplies,2022Q4,2.796552821254475,0.1594787435296591,0.7093698768175387,8.0,True
GEO,Industrials,Security & Protection Services,2022-10-27,0.4785343342955623,0.1456920074,-16.250534,-110.988,0.1275120862134528,0.3559434293859216,0.0431740671678542,-0.1099014207298233,0.2286856178627037,0.338587038592527,0.8120300751879699,0.5375939849624061,0.9699248120300752,0.5714285714285714,0.3120300751879699,0.3872180451127819,0.681015037593985,16.0,266,0.943609022556391,Hold,0.3129178525257217,-0.0324565641269925,0.0113810186854063,0.4502777931946961,0.5015037593984962,0.1656164817698406,0.1781485715269925,0.0317930484824478,-0.0943343638087744,0.2813642398152869,3611702528.0,Industrials,Security & Protection Services,2022Q4,2.9534416046027188,0.1530754878976775,0.7090277667219059,9.0,True
FDX,Industrials,Integrated Freight & Logistics,2022-12-20,0.376429722467556,0.1205359994,-17.525621,-140.994,0.162894707778547,0.32864790460733,0.0431339481642763,-0.0913898277974614,0.1734056702134885,0.26479549801095,0.6578947368421053,0.4548872180451128,0.9924812030075189,0.5112781954887218,0.225563909774436,0.2819548872180451,0.6221804511278195,55.0,266,0.7969924812030076,Hold,0.3129178525257217,-0.0324565641269925,0.0113810186854063,0.4502777931946961,0.5015037593984962,0.0635118699418343,0.1529925635269925,0.0317529294788699,-0.121629888587366,0.1370857024256362,79160180736.0,Industrials,Integrated Freight & Logistics,2022Q4,3.7764849894602746,0.1345237759617377,0.7068606308842367,10.0,True
TW,Financial Services,Capital Markets,2023-02-02,0.6505604061291299,0.414238002,-21.823753,-1.954,0.10535164063188,0.3253450957899154,0.0284675581497058,-0.1032203513654534,0.1669933123926289,0.2702136637580824,0.9964028776978416,0.9100719424460432,0.8273381294964028,0.039568345323741,0.9892086330935252,0.2805755395683453,0.8169064748201438,1.0,278,1.0,Buy,0.2794750716129462,0.2755062445651151,0.0153198208202232,0.4509297549183477,0.5014388489208633,0.3710853345161837,0.1387317574348848,0.0131477373294825,-0.1255846591284323,0.0459085067626248,21732833280.0,Financial Services,Capital Markets,2023Q1,3.700761409807424,0.1316879095151592,0.7682447843457667,1.0,True
OTIS,Industrials,Specialty Industrial Machinery,2023-02-01,0.6441263509787483,0.1585100016,-15.129546,-72.097,0.1630668801064827,0.3570477511671987,0.024138960618531,-0.0623300213711025,0.0857000233313426,0.1480300447024451,0.9586466165413534,0.6052631578947368,0.9962406015037594,0.6203007518796992,0.4887218045112781,0.3984962406015037,0.7612781954887218,2.0,266,0.9962406015037594,Buy,0.3129178525257217,-0.0324565641269925,0.0113810186854063,0.4502777931946961,0.5015037593984962,0.3312084984530266,0.1909665657269925,0.0127579419331246,-0.0932300420274973,0.0166127433076652,27347441664.0,Industrials,Specialty Industrial Machinery,2023Q1,6.755339746538197,0.0864689819896335,0.7653389971560277,2.0,True
SNY,Healthcare,Drug Manufacturers - General,2023-02-03,0.4622937047794102,0.2391100139999999,-8.459958,-27.372,0.0688032064745337,0.3374304525299527,0.0127540800567883,-0.0853421228883997,0.1000273083793493,0.1853694312677491,0.906040268456376,0.7953020134228188,0.9496644295302014,0.6040268456375839,0.6845637583892618,0.3523489932885906,0.8088926174496645,1.0,298,1.0,Buy,0.254586528118586,-2.4283354503314025,-0.0006302558750859,0.4725668890848757,0.5013422818791946,0.2077071766608241,2.6674454643314025,0.0133843359318742,-0.135136436554923,0.0371576283976271,107073282048.0,Healthcare,Drug Manufacturers - General,2023Q1,5.394603622384628,0.09809620294518799,0.7490142173359774,3.0,True
GOOGL,Communication Services,Internet Content & Information,2023-02-02,0.3747532767405732,0.3758679939999999,-25.18112,-20.026,0.1007343835443345,0.1613572160985984,0.034131507941801,-0.1209646791007613,0.2178611121187358,0.3388257912194971,0.6952380952380952,0.961904761904762,0.9142857142857144,0.1047619047619047,0.8095238095238095,0.1809523809523809,0.7704761904761905,3.0,105,0.9809523809523808,Buy,0.278602079529016,0.1292768957859047,0.0088146396463528,0.3578756329009985,0.5038095238095238,0.0961511972115571,0.2465910982140951,0.0253168682954481,-0.1965184168024,-0.130777776753791,4442127073280.0,Communication Services,Internet Content & Information,2023Q1,2.9513604765456254,0.15509618704256228,0.7370162702231999,4.0,True
MA,Financial Services,Credit Services,2023-01-26,0.4628090550466436,0.92764,-21.745344,-282.059,0.1105002761278099,0.2694722071989752,0.0209479864001168,-0.0832411310270413,0.1063319328050466,0.189573063832088,0.8525179856115108,0.9964028776978416,0.8309352517985612,0.0431654676258992,0.0539568345323741,0.158273381294964,0.7223021582733813,6.0,278,0.9820143884892086,Buy,0.2794750716129462,0.2755062445651151,0.0153198208202232,0.4509297549183477,0.5014388489208633,0.1833339834336974,0.6521337554348849,0.0056281655798935,-0.1814575477193724,-0.0639379684995307,437586067456.0,Financial Services,Credit Services,2023Q1,5.274983190135825,0.1041891174271581,0.7345416525297568,5.0,True
V,Financial Services,Credit Services,2023-01-26,0.5085944205000299,0.592690008,-21.868639,-67.233,0.0647030723831623,0.271416022929095,0.0111950554182342,-0.0965373378390254,0.0764836687812889,0.1730210066203143,0.9100719424460432,0.9892086330935252,0.7194244604316546,0.0359712230215827,0.6726618705035972,0.1618705035971223,0.7733812949640286,3.0,278,0.9928057553956836,Buy,0.2794750716129462,0.2755062445651151,0.0153198208202232,0.4509297549183477,0.5014388489208633,0.2291193488870836,0.3171837634348849,-0.004124765401989,-0.1795137319892527,-0.0210493293790287,618161766400.0,Financial Services,Credit Services,2023Q1,5.779611620124346,0.10773239325725961,0.7299011224129456,6.0,True
BLK,Financial Services,Asset Management,2023-01-13,0.4311955468024916,0.2448799988,-16.666948,-23.635,0.0980304482261931,0.3218293945338917,0.0193374711554908,-0.0624201941158373,0.1348386522420204,0.1972588463578578,0.8057553956834532,0.7266187050359713,0.7949640287769785,0.1007194244604316,0.8669064748201439,0.276978417266187,0.7111510791366906,8.0,278,0.974820143884892,Buy,0.2794750716129462,0.2755062445651151,0.0153198208202232,0.4509297549183477,0.5014388489208633,0.1517204751895454,-0.0306262457651151,0.0040176503352675,-0.1291003603844559,-0.0226528325918492,164796186624.0,Financial Services,Asset Management,2023Q1,5.06945543385376,0.0817576652713281,0.727963800278353,7.0,True
GE,Industrials,Aerospace & Defense,2023-01-24,0.5507213633659531,0.2389980086,-38.04112,-116.527,0.1291394784921581,0.422792911441066,0.0336311383679516,-0.1252367448662961,0.1351871752327409,0.2604239200990371,0.8947368421052632,0.8609022556390977,0.9736842105263158,0.0827067669172932,0.2894736842105263,0.6428571428571429,0.7065789473684211,8.0,266,0.9736842105263158,Buy,0.3129178525257217,-0.0324565641269925,0.0113810186854063,0.4502777931946961,0.5015037593984962,0.2378035108402314,0.2714545727269925,0.0222501196825452,-0.02748488175363,0.0308547015033155,345253511168.0,Industrials,Aerospace & Defense,2023Q1,3.8398783020446343,0.1588678832342477,0.7279636289954916,8.0,True
SYF,Financial Services,Credit Services,2023-01-23,0.3516283248024904,0.218324004,-6.8953424,-72.097,0.1413403320148984,0.399981194413582,0.0462013659629491,-0.1041516071183289,0.2227276633912882,0.3268792705096172,0.6330935251798561,0.6762589928057554,0.8992805755395683,0.8489208633093526,0.4442446043165468,0.5071942446043165,0.6857913669064748,18.0,278,0.9388489208633094,Hold,0.2794750716129462,0.2755062445651151,0.0153198208202232,0.4509297549183477,0.5014388489208633,0.0721532531895441,-0.0571822405651151,0.0308815451427258,-0.0509485605047657,0.0189328082247599,24329660416.0,Financial Services,Credit Services,2023Q1,3.0592240958469805,0.15035297308127799,0.7165687123063821,9.0,True
MSCI,Financial Services,Financial Data & Stock Exchanges,2023-01-31,0.5065375108990946,0.4154000027999999,-26.995047,-72.097,0.077187397193188,0.3977757934355628,0.0170292571891796,-0.0819954858393823,0.1386257634969699,0.2206212493363523,0.9028776978417268,0.9172661870503596,0.7410071942446043,0.0215827338129496,0.4442446043165468,0.4964028776978417,0.7001798561151079,10.0,278,0.9676258992805756,Buy,0.2794750716129462,0.2755062445651151,0.0153198208202232,0.4509297549183477,0.5014388489208633,0.2270624392861484,0.1398937582348848,0.0017094363689563,-0.0531539614827848,-0.0279413020746673,44184920064.0,Financial Services,Financial Data & Stock Exchanges,2023Q1,4.532634414743175,0.0990247430285619,0.7124588529368998,10.0,True
